oracle,param_set,flipped,trial,bits_differing,total_bits,percent,seed
mine,ML-KEM-768,0,0,0,9472,0.0,1234
mine,ML-KEM-768,0,1,0,9472,0.0,1234
mine,ML-KEM-768,0,2,0,9472,0.0,1234
mine,ML-KEM-768,0,3,0,9472,0.0,1234
mine,ML-KEM-768,0,4,0,9472,0.0,1234
mine,ML-KEM-768,0,5,0,9472,0.0,1234
mine,ML-KEM-768,0,6,0,9472,0.0,1234
mine,ML-KEM-768,0,7,0,9472,0.0,1234
mine,ML-KEM-768,0,8,0,9472,0.0,1234
mine,ML-KEM-768,0,9,0,9472,0.0,1234
mine,ML-KEM-768,0,10,0,9472,0.0,1234
mine,ML-KEM-768,0,11,0,9472,0.0,1234
mine,ML-KEM-768,0,12,0,9472,0.0,1234
mine,ML-KEM-768,0,13,0,9472,0.0,1234
mine,ML-KEM-768,0,14,0,9472,0.0,1234
mine,ML-KEM-768,0,15,0,9472,0.0,1234
mine,ML-KEM-768,0,16,0,9472,0.0,1234
mine,ML-KEM-768,0,17,0,9472,0.0,1234
mine,ML-KEM-768,0,18,0,9472,0.0,1234
mine,ML-KEM-768,0,19,0,9472,0.0,1234
mine,ML-KEM-768,0,20,0,9472,0.0,1234
mine,ML-KEM-768,0,21,0,9472,0.0,1234
mine,ML-KEM-768,0,22,0,9472,0.0,1234
mine,ML-KEM-768,0,23,0,9472,0.0,1234
mine,ML-KEM-768,0,24,0,9472,0.0,1234
mine,ML-KEM-768,0,25,0,9472,0.0,1234
mine,ML-KEM-768,0,26,0,9472,0.0,1234
mine,ML-KEM-768,0,27,0,9472,0.0,1234
mine,ML-KEM-768,0,28,0,9472,0.0,1234
mine,ML-KEM-768,0,29,0,9472,0.0,1234
mine,ML-KEM-768,0,30,0,9472,0.0,1234
mine,ML-KEM-768,0,31,0,9472,0.0,1234
mine,ML-KEM-768,0,32,0,9472,0.0,1234
mine,ML-KEM-768,0,33,0,9472,0.0,1234
mine,ML-KEM-768,0,34,0,9472,0.0,1234
mine,ML-KEM-768,0,35,0,9472,0.0,1234
mine,ML-KEM-768,0,36,0,9472,0.0,1234
mine,ML-KEM-768,0,37,0,9472,0.0,1234
mine,ML-KEM-768,0,38,0,9472,0.0,1234
mine,ML-KEM-768,0,39,0,9472,0.0,1234
mine,ML-KEM-768,0,40,0,9472,0.0,1234
mine,ML-KEM-768,0,41,0,9472,0.0,1234
mine,ML-KEM-768,0,42,0,9472,0.0,1234
mine,ML-KEM-768,0,43,0,9472,0.0,1234
mine,ML-KEM-768,0,44,0,9472,0.0,1234
mine,ML-KEM-768,0,45,0,9472,0.0,1234
mine,ML-KEM-768,0,46,0,9472,0.0,1234
mine,ML-KEM-768,0,47,0,9472,0.0,1234
mine,ML-KEM-768,0,48,0,9472,0.0,1234
mine,ML-KEM-768,0,49,0,9472,0.0,1234
mine,ML-KEM-768,0,50,0,9472,0.0,1234
mine,ML-KEM-768,0,51,0,9472,0.0,1234
mine,ML-KEM-768,0,52,0,9472,0.0,1234
mine,ML-KEM-768,0,53,0,9472,0.0,1234
mine,ML-KEM-768,0,54,0,9472,0.0,1234
mine,ML-KEM-768,0,55,0,9472,0.0,1234
mine,ML-KEM-768,0,56,0,9472,0.0,1234
mine,ML-KEM-768,0,57,0,9472,0.0,1234
mine,ML-KEM-768,0,58,0,9472,0.0,1234
mine,ML-KEM-768,0,59,0,9472,0.0,1234
mine,ML-KEM-768,0,60,0,9472,0.0,1234
mine,ML-KEM-768,0,61,0,9472,0.0,1234
mine,ML-KEM-768,0,62,0,9472,0.0,1234
mine,ML-KEM-768,0,63,0,9472,0.0,1234
mine,ML-KEM-768,0,64,0,9472,0.0,1234
mine,ML-KEM-768,0,65,0,9472,0.0,1234
mine,ML-KEM-768,0,66,0,9472,0.0,1234
mine,ML-KEM-768,0,67,0,9472,0.0,1234
mine,ML-KEM-768,0,68,0,9472,0.0,1234
mine,ML-KEM-768,0,69,0,9472,0.0,1234
mine,ML-KEM-768,0,70,0,9472,0.0,1234
mine,ML-KEM-768,0,71,0,9472,0.0,1234
mine,ML-KEM-768,0,72,0,9472,0.0,1234
mine,ML-KEM-768,0,73,0,9472,0.0,1234
mine,ML-KEM-768,0,74,0,9472,0.0,1234
mine,ML-KEM-768,0,75,0,9472,0.0,1234
mine,ML-KEM-768,0,76,0,9472,0.0,1234
mine,ML-KEM-768,0,77,0,9472,0.0,1234
mine,ML-KEM-768,0,78,0,9472,0.0,1234
mine,ML-KEM-768,0,79,0,9472,0.0,1234
mine,ML-KEM-768,0,80,0,9472,0.0,1234
mine,ML-KEM-768,0,81,0,9472,0.0,1234
mine,ML-KEM-768,0,82,0,9472,0.0,1234
mine,ML-KEM-768,0,83,0,9472,0.0,1234
mine,ML-KEM-768,0,84,0,9472,0.0,1234
mine,ML-KEM-768,0,85,0,9472,0.0,1234
mine,ML-KEM-768,0,86,0,9472,0.0,1234
mine,ML-KEM-768,0,87,0,9472,0.0,1234
mine,ML-KEM-768,0,88,0,9472,0.0,1234
mine,ML-KEM-768,0,89,0,9472,0.0,1234
mine,ML-KEM-768,0,90,0,9472,0.0,1234
mine,ML-KEM-768,0,91,0,9472,0.0,1234
mine,ML-KEM-768,0,92,0,9472,0.0,1234
mine,ML-KEM-768,0,93,0,9472,0.0,1234
mine,ML-KEM-768,0,94,0,9472,0.0,1234
mine,ML-KEM-768,0,95,0,9472,0.0,1234
mine,ML-KEM-768,0,96,0,9472,0.0,1234
mine,ML-KEM-768,0,97,0,9472,0.0,1234
mine,ML-KEM-768,0,98,0,9472,0.0,1234
mine,ML-KEM-768,0,99,0,9472,0.0,1234
mine,ML-KEM-768,0,100,0,9472,0.0,1234
mine,ML-KEM-768,0,101,0,9472,0.0,1234
mine,ML-KEM-768,0,102,0,9472,0.0,1234
mine,ML-KEM-768,0,103,0,9472,0.0,1234
mine,ML-KEM-768,0,104,0,9472,0.0,1234
mine,ML-KEM-768,0,105,0,9472,0.0,1234
mine,ML-KEM-768,0,106,0,9472,0.0,1234
mine,ML-KEM-768,0,107,0,9472,0.0,1234
mine,ML-KEM-768,0,108,0,9472,0.0,1234
mine,ML-KEM-768,0,109,0,9472,0.0,1234
mine,ML-KEM-768,0,110,0,9472,0.0,1234
mine,ML-KEM-768,0,111,0,9472,0.0,1234
mine,ML-KEM-768,0,112,0,9472,0.0,1234
mine,ML-KEM-768,0,113,0,9472,0.0,1234
mine,ML-KEM-768,0,114,0,9472,0.0,1234
mine,ML-KEM-768,0,115,0,9472,0.0,1234
mine,ML-KEM-768,0,116,0,9472,0.0,1234
mine,ML-KEM-768,0,117,0,9472,0.0,1234
mine,ML-KEM-768,0,118,0,9472,0.0,1234
mine,ML-KEM-768,0,119,0,9472,0.0,1234
mine,ML-KEM-768,0,120,0,9472,0.0,1234
mine,ML-KEM-768,0,121,0,9472,0.0,1234
mine,ML-KEM-768,0,122,0,9472,0.0,1234
mine,ML-KEM-768,0,123,0,9472,0.0,1234
mine,ML-KEM-768,0,124,0,9472,0.0,1234
mine,ML-KEM-768,0,125,0,9472,0.0,1234
mine,ML-KEM-768,0,126,0,9472,0.0,1234
mine,ML-KEM-768,0,127,0,9472,0.0,1234
mine,ML-KEM-768,0,128,0,9472,0.0,1234
mine,ML-KEM-768,0,129,0,9472,0.0,1234
mine,ML-KEM-768,0,130,0,9472,0.0,1234
mine,ML-KEM-768,0,131,0,9472,0.0,1234
mine,ML-KEM-768,0,132,0,9472,0.0,1234
mine,ML-KEM-768,0,133,0,9472,0.0,1234
mine,ML-KEM-768,0,134,0,9472,0.0,1234
mine,ML-KEM-768,0,135,0,9472,0.0,1234
mine,ML-KEM-768,0,136,0,9472,0.0,1234
mine,ML-KEM-768,0,137,0,9472,0.0,1234
mine,ML-KEM-768,0,138,0,9472,0.0,1234
mine,ML-KEM-768,0,139,0,9472,0.0,1234
mine,ML-KEM-768,0,140,0,9472,0.0,1234
mine,ML-KEM-768,0,141,0,9472,0.0,1234
mine,ML-KEM-768,0,142,0,9472,0.0,1234
mine,ML-KEM-768,0,143,0,9472,0.0,1234
mine,ML-KEM-768,0,144,0,9472,0.0,1234
mine,ML-KEM-768,0,145,0,9472,0.0,1234
mine,ML-KEM-768,0,146,0,9472,0.0,1234
mine,ML-KEM-768,0,147,0,9472,0.0,1234
mine,ML-KEM-768,0,148,0,9472,0.0,1234
mine,ML-KEM-768,0,149,0,9472,0.0,1234
mine,ML-KEM-768,0,150,0,9472,0.0,1234
mine,ML-KEM-768,0,151,0,9472,0.0,1234
mine,ML-KEM-768,0,152,0,9472,0.0,1234
mine,ML-KEM-768,0,153,0,9472,0.0,1234
mine,ML-KEM-768,0,154,0,9472,0.0,1234
mine,ML-KEM-768,0,155,0,9472,0.0,1234
mine,ML-KEM-768,0,156,0,9472,0.0,1234
mine,ML-KEM-768,0,157,0,9472,0.0,1234
mine,ML-KEM-768,0,158,0,9472,0.0,1234
mine,ML-KEM-768,0,159,0,9472,0.0,1234
mine,ML-KEM-768,0,160,0,9472,0.0,1234
mine,ML-KEM-768,0,161,0,9472,0.0,1234
mine,ML-KEM-768,0,162,0,9472,0.0,1234
mine,ML-KEM-768,0,163,0,9472,0.0,1234
mine,ML-KEM-768,0,164,0,9472,0.0,1234
mine,ML-KEM-768,0,165,0,9472,0.0,1234
mine,ML-KEM-768,0,166,0,9472,0.0,1234
mine,ML-KEM-768,0,167,0,9472,0.0,1234
mine,ML-KEM-768,0,168,0,9472,0.0,1234
mine,ML-KEM-768,0,169,0,9472,0.0,1234
mine,ML-KEM-768,0,170,0,9472,0.0,1234
mine,ML-KEM-768,0,171,0,9472,0.0,1234
mine,ML-KEM-768,0,172,0,9472,0.0,1234
mine,ML-KEM-768,0,173,0,9472,0.0,1234
mine,ML-KEM-768,0,174,0,9472,0.0,1234
mine,ML-KEM-768,0,175,0,9472,0.0,1234
mine,ML-KEM-768,0,176,0,9472,0.0,1234
mine,ML-KEM-768,0,177,0,9472,0.0,1234
mine,ML-KEM-768,0,178,0,9472,0.0,1234
mine,ML-KEM-768,0,179,0,9472,0.0,1234
mine,ML-KEM-768,0,180,0,9472,0.0,1234
mine,ML-KEM-768,0,181,0,9472,0.0,1234
mine,ML-KEM-768,0,182,0,9472,0.0,1234
mine,ML-KEM-768,0,183,0,9472,0.0,1234
mine,ML-KEM-768,0,184,0,9472,0.0,1234
mine,ML-KEM-768,0,185,0,9472,0.0,1234
mine,ML-KEM-768,0,186,0,9472,0.0,1234
mine,ML-KEM-768,0,187,0,9472,0.0,1234
mine,ML-KEM-768,0,188,0,9472,0.0,1234
mine,ML-KEM-768,0,189,0,9472,0.0,1234
mine,ML-KEM-768,0,190,0,9472,0.0,1234
mine,ML-KEM-768,0,191,0,9472,0.0,1234
mine,ML-KEM-768,0,192,0,9472,0.0,1234
mine,ML-KEM-768,0,193,0,9472,0.0,1234
mine,ML-KEM-768,0,194,0,9472,0.0,1234
mine,ML-KEM-768,0,195,0,9472,0.0,1234
mine,ML-KEM-768,0,196,0,9472,0.0,1234
mine,ML-KEM-768,0,197,0,9472,0.0,1234
mine,ML-KEM-768,0,198,0,9472,0.0,1234
mine,ML-KEM-768,0,199,0,9472,0.0,1234
mine,ML-KEM-768,0,200,0,9472,0.0,1234
mine,ML-KEM-768,0,201,0,9472,0.0,1234
mine,ML-KEM-768,0,202,0,9472,0.0,1234
mine,ML-KEM-768,0,203,0,9472,0.0,1234
mine,ML-KEM-768,0,204,0,9472,0.0,1234
mine,ML-KEM-768,0,205,0,9472,0.0,1234
mine,ML-KEM-768,0,206,0,9472,0.0,1234
mine,ML-KEM-768,0,207,0,9472,0.0,1234
mine,ML-KEM-768,0,208,0,9472,0.0,1234
mine,ML-KEM-768,0,209,0,9472,0.0,1234
mine,ML-KEM-768,0,210,0,9472,0.0,1234
mine,ML-KEM-768,0,211,0,9472,0.0,1234
mine,ML-KEM-768,0,212,0,9472,0.0,1234
mine,ML-KEM-768,0,213,0,9472,0.0,1234
mine,ML-KEM-768,0,214,0,9472,0.0,1234
mine,ML-KEM-768,0,215,0,9472,0.0,1234
mine,ML-KEM-768,0,216,0,9472,0.0,1234
mine,ML-KEM-768,0,217,0,9472,0.0,1234
mine,ML-KEM-768,0,218,0,9472,0.0,1234
mine,ML-KEM-768,0,219,0,9472,0.0,1234
mine,ML-KEM-768,0,220,0,9472,0.0,1234
mine,ML-KEM-768,0,221,0,9472,0.0,1234
mine,ML-KEM-768,0,222,0,9472,0.0,1234
mine,ML-KEM-768,0,223,0,9472,0.0,1234
mine,ML-KEM-768,0,224,0,9472,0.0,1234
mine,ML-KEM-768,0,225,0,9472,0.0,1234
mine,ML-KEM-768,0,226,0,9472,0.0,1234
mine,ML-KEM-768,0,227,0,9472,0.0,1234
mine,ML-KEM-768,0,228,0,9472,0.0,1234
mine,ML-KEM-768,0,229,0,9472,0.0,1234
mine,ML-KEM-768,0,230,0,9472,0.0,1234
mine,ML-KEM-768,0,231,0,9472,0.0,1234
mine,ML-KEM-768,0,232,0,9472,0.0,1234
mine,ML-KEM-768,0,233,0,9472,0.0,1234
mine,ML-KEM-768,0,234,0,9472,0.0,1234
mine,ML-KEM-768,0,235,0,9472,0.0,1234
mine,ML-KEM-768,0,236,0,9472,0.0,1234
mine,ML-KEM-768,0,237,0,9472,0.0,1234
mine,ML-KEM-768,0,238,0,9472,0.0,1234
mine,ML-KEM-768,0,239,0,9472,0.0,1234
mine,ML-KEM-768,0,240,0,9472,0.0,1234
mine,ML-KEM-768,0,241,0,9472,0.0,1234
mine,ML-KEM-768,0,242,0,9472,0.0,1234
mine,ML-KEM-768,0,243,0,9472,0.0,1234
mine,ML-KEM-768,0,244,0,9472,0.0,1234
mine,ML-KEM-768,0,245,0,9472,0.0,1234
mine,ML-KEM-768,0,246,0,9472,0.0,1234
mine,ML-KEM-768,0,247,0,9472,0.0,1234
mine,ML-KEM-768,0,248,0,9472,0.0,1234
mine,ML-KEM-768,0,249,0,9472,0.0,1234
mine,ML-KEM-768,0,250,0,9472,0.0,1234
mine,ML-KEM-768,0,251,0,9472,0.0,1234
mine,ML-KEM-768,0,252,0,9472,0.0,1234
mine,ML-KEM-768,0,253,0,9472,0.0,1234
mine,ML-KEM-768,0,254,0,9472,0.0,1234
mine,ML-KEM-768,0,255,0,9472,0.0,1234
mine,ML-KEM-768,0,256,0,9472,0.0,1234
mine,ML-KEM-768,0,257,0,9472,0.0,1234
mine,ML-KEM-768,0,258,0,9472,0.0,1234
mine,ML-KEM-768,0,259,0,9472,0.0,1234
mine,ML-KEM-768,0,260,0,9472,0.0,1234
mine,ML-KEM-768,0,261,0,9472,0.0,1234
mine,ML-KEM-768,0,262,0,9472,0.0,1234
mine,ML-KEM-768,0,263,0,9472,0.0,1234
mine,ML-KEM-768,0,264,0,9472,0.0,1234
mine,ML-KEM-768,0,265,0,9472,0.0,1234
mine,ML-KEM-768,0,266,0,9472,0.0,1234
mine,ML-KEM-768,0,267,0,9472,0.0,1234
mine,ML-KEM-768,0,268,0,9472,0.0,1234
mine,ML-KEM-768,0,269,0,9472,0.0,1234
mine,ML-KEM-768,0,270,0,9472,0.0,1234
mine,ML-KEM-768,0,271,0,9472,0.0,1234
mine,ML-KEM-768,0,272,0,9472,0.0,1234
mine,ML-KEM-768,0,273,0,9472,0.0,1234
mine,ML-KEM-768,0,274,0,9472,0.0,1234
mine,ML-KEM-768,0,275,0,9472,0.0,1234
mine,ML-KEM-768,0,276,0,9472,0.0,1234
mine,ML-KEM-768,0,277,0,9472,0.0,1234
mine,ML-KEM-768,0,278,0,9472,0.0,1234
mine,ML-KEM-768,0,279,0,9472,0.0,1234
mine,ML-KEM-768,0,280,0,9472,0.0,1234
mine,ML-KEM-768,0,281,0,9472,0.0,1234
mine,ML-KEM-768,0,282,0,9472,0.0,1234
mine,ML-KEM-768,0,283,0,9472,0.0,1234
mine,ML-KEM-768,0,284,0,9472,0.0,1234
mine,ML-KEM-768,0,285,0,9472,0.0,1234
mine,ML-KEM-768,0,286,0,9472,0.0,1234
mine,ML-KEM-768,0,287,0,9472,0.0,1234
mine,ML-KEM-768,0,288,0,9472,0.0,1234
mine,ML-KEM-768,0,289,0,9472,0.0,1234
mine,ML-KEM-768,0,290,0,9472,0.0,1234
mine,ML-KEM-768,0,291,0,9472,0.0,1234
mine,ML-KEM-768,0,292,0,9472,0.0,1234
mine,ML-KEM-768,0,293,0,9472,0.0,1234
mine,ML-KEM-768,0,294,0,9472,0.0,1234
mine,ML-KEM-768,0,295,0,9472,0.0,1234
mine,ML-KEM-768,0,296,0,9472,0.0,1234
mine,ML-KEM-768,0,297,0,9472,0.0,1234
mine,ML-KEM-768,0,298,0,9472,0.0,1234
mine,ML-KEM-768,0,299,0,9472,0.0,1234
mine,ML-KEM-768,0,300,0,9472,0.0,1234
mine,ML-KEM-768,0,301,0,9472,0.0,1234
mine,ML-KEM-768,0,302,0,9472,0.0,1234
mine,ML-KEM-768,0,303,0,9472,0.0,1234
mine,ML-KEM-768,0,304,0,9472,0.0,1234
mine,ML-KEM-768,0,305,0,9472,0.0,1234
mine,ML-KEM-768,0,306,0,9472,0.0,1234
mine,ML-KEM-768,0,307,0,9472,0.0,1234
mine,ML-KEM-768,0,308,0,9472,0.0,1234
mine,ML-KEM-768,0,309,0,9472,0.0,1234
mine,ML-KEM-768,0,310,0,9472,0.0,1234
mine,ML-KEM-768,0,311,0,9472,0.0,1234
mine,ML-KEM-768,0,312,0,9472,0.0,1234
mine,ML-KEM-768,0,313,0,9472,0.0,1234
mine,ML-KEM-768,0,314,0,9472,0.0,1234
mine,ML-KEM-768,0,315,0,9472,0.0,1234
mine,ML-KEM-768,0,316,0,9472,0.0,1234
mine,ML-KEM-768,0,317,0,9472,0.0,1234
mine,ML-KEM-768,0,318,0,9472,0.0,1234
mine,ML-KEM-768,0,319,0,9472,0.0,1234
mine,ML-KEM-768,0,320,0,9472,0.0,1234
mine,ML-KEM-768,0,321,0,9472,0.0,1234
mine,ML-KEM-768,0,322,0,9472,0.0,1234
mine,ML-KEM-768,0,323,0,9472,0.0,1234
mine,ML-KEM-768,0,324,0,9472,0.0,1234
mine,ML-KEM-768,0,325,0,9472,0.0,1234
mine,ML-KEM-768,0,326,0,9472,0.0,1234
mine,ML-KEM-768,0,327,0,9472,0.0,1234
mine,ML-KEM-768,0,328,0,9472,0.0,1234
mine,ML-KEM-768,0,329,0,9472,0.0,1234
mine,ML-KEM-768,0,330,0,9472,0.0,1234
mine,ML-KEM-768,0,331,0,9472,0.0,1234
mine,ML-KEM-768,0,332,0,9472,0.0,1234
mine,ML-KEM-768,0,333,0,9472,0.0,1234
mine,ML-KEM-768,0,334,0,9472,0.0,1234
mine,ML-KEM-768,0,335,0,9472,0.0,1234
mine,ML-KEM-768,0,336,0,9472,0.0,1234
mine,ML-KEM-768,0,337,0,9472,0.0,1234
mine,ML-KEM-768,0,338,0,9472,0.0,1234
mine,ML-KEM-768,0,339,0,9472,0.0,1234
mine,ML-KEM-768,0,340,0,9472,0.0,1234
mine,ML-KEM-768,0,341,0,9472,0.0,1234
mine,ML-KEM-768,0,342,0,9472,0.0,1234
mine,ML-KEM-768,0,343,0,9472,0.0,1234
mine,ML-KEM-768,0,344,0,9472,0.0,1234
mine,ML-KEM-768,0,345,0,9472,0.0,1234
mine,ML-KEM-768,0,346,0,9472,0.0,1234
mine,ML-KEM-768,0,347,0,9472,0.0,1234
mine,ML-KEM-768,0,348,0,9472,0.0,1234
mine,ML-KEM-768,0,349,0,9472,0.0,1234
mine,ML-KEM-768,0,350,0,9472,0.0,1234
mine,ML-KEM-768,0,351,0,9472,0.0,1234
mine,ML-KEM-768,0,352,0,9472,0.0,1234
mine,ML-KEM-768,0,353,0,9472,0.0,1234
mine,ML-KEM-768,0,354,0,9472,0.0,1234
mine,ML-KEM-768,0,355,0,9472,0.0,1234
mine,ML-KEM-768,0,356,0,9472,0.0,1234
mine,ML-KEM-768,0,357,0,9472,0.0,1234
mine,ML-KEM-768,0,358,0,9472,0.0,1234
mine,ML-KEM-768,0,359,0,9472,0.0,1234
mine,ML-KEM-768,0,360,0,9472,0.0,1234
mine,ML-KEM-768,0,361,0,9472,0.0,1234
mine,ML-KEM-768,0,362,0,9472,0.0,1234
mine,ML-KEM-768,0,363,0,9472,0.0,1234
mine,ML-KEM-768,0,364,0,9472,0.0,1234
mine,ML-KEM-768,0,365,0,9472,0.0,1234
mine,ML-KEM-768,0,366,0,9472,0.0,1234
mine,ML-KEM-768,0,367,0,9472,0.0,1234
mine,ML-KEM-768,0,368,0,9472,0.0,1234
mine,ML-KEM-768,0,369,0,9472,0.0,1234
mine,ML-KEM-768,0,370,0,9472,0.0,1234
mine,ML-KEM-768,0,371,0,9472,0.0,1234
mine,ML-KEM-768,0,372,0,9472,0.0,1234
mine,ML-KEM-768,0,373,0,9472,0.0,1234
mine,ML-KEM-768,0,374,0,9472,0.0,1234
mine,ML-KEM-768,0,375,0,9472,0.0,1234
mine,ML-KEM-768,0,376,0,9472,0.0,1234
mine,ML-KEM-768,0,377,0,9472,0.0,1234
mine,ML-KEM-768,0,378,0,9472,0.0,1234
mine,ML-KEM-768,0,379,0,9472,0.0,1234
mine,ML-KEM-768,0,380,0,9472,0.0,1234
mine,ML-KEM-768,0,381,0,9472,0.0,1234
mine,ML-KEM-768,0,382,0,9472,0.0,1234
mine,ML-KEM-768,0,383,0,9472,0.0,1234
mine,ML-KEM-768,0,384,0,9472,0.0,1234
mine,ML-KEM-768,0,385,0,9472,0.0,1234
mine,ML-KEM-768,0,386,0,9472,0.0,1234
mine,ML-KEM-768,0,387,0,9472,0.0,1234
mine,ML-KEM-768,0,388,0,9472,0.0,1234
mine,ML-KEM-768,0,389,0,9472,0.0,1234
mine,ML-KEM-768,0,390,0,9472,0.0,1234
mine,ML-KEM-768,0,391,0,9472,0.0,1234
mine,ML-KEM-768,0,392,0,9472,0.0,1234
mine,ML-KEM-768,0,393,0,9472,0.0,1234
mine,ML-KEM-768,0,394,0,9472,0.0,1234
mine,ML-KEM-768,0,395,0,9472,0.0,1234
mine,ML-KEM-768,0,396,0,9472,0.0,1234
mine,ML-KEM-768,0,397,0,9472,0.0,1234
mine,ML-KEM-768,0,398,0,9472,0.0,1234
mine,ML-KEM-768,0,399,0,9472,0.0,1234
mine,ML-KEM-768,0,400,0,9472,0.0,1234
mine,ML-KEM-768,0,401,0,9472,0.0,1234
mine,ML-KEM-768,0,402,0,9472,0.0,1234
mine,ML-KEM-768,0,403,0,9472,0.0,1234
mine,ML-KEM-768,0,404,0,9472,0.0,1234
mine,ML-KEM-768,0,405,0,9472,0.0,1234
mine,ML-KEM-768,0,406,0,9472,0.0,1234
mine,ML-KEM-768,0,407,0,9472,0.0,1234
mine,ML-KEM-768,0,408,0,9472,0.0,1234
mine,ML-KEM-768,0,409,0,9472,0.0,1234
mine,ML-KEM-768,0,410,0,9472,0.0,1234
mine,ML-KEM-768,0,411,0,9472,0.0,1234
mine,ML-KEM-768,0,412,0,9472,0.0,1234
mine,ML-KEM-768,0,413,0,9472,0.0,1234
mine,ML-KEM-768,0,414,0,9472,0.0,1234
mine,ML-KEM-768,0,415,0,9472,0.0,1234
mine,ML-KEM-768,0,416,0,9472,0.0,1234
mine,ML-KEM-768,0,417,0,9472,0.0,1234
mine,ML-KEM-768,0,418,0,9472,0.0,1234
mine,ML-KEM-768,0,419,0,9472,0.0,1234
mine,ML-KEM-768,0,420,0,9472,0.0,1234
mine,ML-KEM-768,0,421,0,9472,0.0,1234
mine,ML-KEM-768,0,422,0,9472,0.0,1234
mine,ML-KEM-768,0,423,0,9472,0.0,1234
mine,ML-KEM-768,0,424,0,9472,0.0,1234
mine,ML-KEM-768,0,425,0,9472,0.0,1234
mine,ML-KEM-768,0,426,0,9472,0.0,1234
mine,ML-KEM-768,0,427,0,9472,0.0,1234
mine,ML-KEM-768,0,428,0,9472,0.0,1234
mine,ML-KEM-768,0,429,0,9472,0.0,1234
mine,ML-KEM-768,0,430,0,9472,0.0,1234
mine,ML-KEM-768,0,431,0,9472,0.0,1234
mine,ML-KEM-768,0,432,0,9472,0.0,1234
mine,ML-KEM-768,0,433,0,9472,0.0,1234
mine,ML-KEM-768,0,434,0,9472,0.0,1234
mine,ML-KEM-768,0,435,0,9472,0.0,1234
mine,ML-KEM-768,0,436,0,9472,0.0,1234
mine,ML-KEM-768,0,437,0,9472,0.0,1234
mine,ML-KEM-768,0,438,0,9472,0.0,1234
mine,ML-KEM-768,0,439,0,9472,0.0,1234
mine,ML-KEM-768,0,440,0,9472,0.0,1234
mine,ML-KEM-768,0,441,0,9472,0.0,1234
mine,ML-KEM-768,0,442,0,9472,0.0,1234
mine,ML-KEM-768,0,443,0,9472,0.0,1234
mine,ML-KEM-768,0,444,0,9472,0.0,1234
mine,ML-KEM-768,0,445,0,9472,0.0,1234
mine,ML-KEM-768,0,446,0,9472,0.0,1234
mine,ML-KEM-768,0,447,0,9472,0.0,1234
mine,ML-KEM-768,0,448,0,9472,0.0,1234
mine,ML-KEM-768,0,449,0,9472,0.0,1234
mine,ML-KEM-768,0,450,0,9472,0.0,1234
mine,ML-KEM-768,0,451,0,9472,0.0,1234
mine,ML-KEM-768,0,452,0,9472,0.0,1234
mine,ML-KEM-768,0,453,0,9472,0.0,1234
mine,ML-KEM-768,0,454,0,9472,0.0,1234
mine,ML-KEM-768,0,455,0,9472,0.0,1234
mine,ML-KEM-768,0,456,0,9472,0.0,1234
mine,ML-KEM-768,0,457,0,9472,0.0,1234
mine,ML-KEM-768,0,458,0,9472,0.0,1234
mine,ML-KEM-768,0,459,0,9472,0.0,1234
mine,ML-KEM-768,0,460,0,9472,0.0,1234
mine,ML-KEM-768,0,461,0,9472,0.0,1234
mine,ML-KEM-768,0,462,0,9472,0.0,1234
mine,ML-KEM-768,0,463,0,9472,0.0,1234
mine,ML-KEM-768,0,464,0,9472,0.0,1234
mine,ML-KEM-768,0,465,0,9472,0.0,1234
mine,ML-KEM-768,0,466,0,9472,0.0,1234
mine,ML-KEM-768,0,467,0,9472,0.0,1234
mine,ML-KEM-768,0,468,0,9472,0.0,1234
mine,ML-KEM-768,0,469,0,9472,0.0,1234
mine,ML-KEM-768,0,470,0,9472,0.0,1234
mine,ML-KEM-768,0,471,0,9472,0.0,1234
mine,ML-KEM-768,0,472,0,9472,0.0,1234
mine,ML-KEM-768,0,473,0,9472,0.0,1234
mine,ML-KEM-768,0,474,0,9472,0.0,1234
mine,ML-KEM-768,0,475,0,9472,0.0,1234
mine,ML-KEM-768,0,476,0,9472,0.0,1234
mine,ML-KEM-768,0,477,0,9472,0.0,1234
mine,ML-KEM-768,0,478,0,9472,0.0,1234
mine,ML-KEM-768,0,479,0,9472,0.0,1234
mine,ML-KEM-768,0,480,0,9472,0.0,1234
mine,ML-KEM-768,0,481,0,9472,0.0,1234
mine,ML-KEM-768,0,482,0,9472,0.0,1234
mine,ML-KEM-768,0,483,0,9472,0.0,1234
mine,ML-KEM-768,0,484,0,9472,0.0,1234
mine,ML-KEM-768,0,485,0,9472,0.0,1234
mine,ML-KEM-768,0,486,0,9472,0.0,1234
mine,ML-KEM-768,0,487,0,9472,0.0,1234
mine,ML-KEM-768,0,488,0,9472,0.0,1234
mine,ML-KEM-768,0,489,0,9472,0.0,1234
mine,ML-KEM-768,0,490,0,9472,0.0,1234
mine,ML-KEM-768,0,491,0,9472,0.0,1234
mine,ML-KEM-768,0,492,0,9472,0.0,1234
mine,ML-KEM-768,0,493,0,9472,0.0,1234
mine,ML-KEM-768,0,494,0,9472,0.0,1234
mine,ML-KEM-768,0,495,0,9472,0.0,1234
mine,ML-KEM-768,0,496,0,9472,0.0,1234
mine,ML-KEM-768,0,497,0,9472,0.0,1234
mine,ML-KEM-768,0,498,0,9472,0.0,1234
mine,ML-KEM-768,0,499,0,9472,0.0,1234
mine,ML-KEM-768,1,0,4678,9472,49.3877,1234
mine,ML-KEM-768,1,1,4650,9472,49.0921,1234
mine,ML-KEM-768,1,2,4801,9472,50.6862,1234
mine,ML-KEM-768,1,3,4606,9472,48.6275,1234
mine,ML-KEM-768,1,4,4709,9472,49.7149,1234
mine,ML-KEM-768,1,5,4730,9472,49.9367,1234
mine,ML-KEM-768,1,6,4711,9472,49.7361,1234
mine,ML-KEM-768,1,7,4691,9472,49.5249,1234
mine,ML-KEM-768,1,8,4734,9472,49.9789,1234
mine,ML-KEM-768,1,9,4749,9472,50.1372,1234
mine,ML-KEM-768,1,10,4724,9472,49.8733,1234
mine,ML-KEM-768,1,11,4741,9472,50.0528,1234
mine,ML-KEM-768,1,12,4776,9472,50.4223,1234
mine,ML-KEM-768,1,13,4618,9472,48.7542,1234
mine,ML-KEM-768,1,14,4675,9472,49.356,1234
mine,ML-KEM-768,1,15,4711,9472,49.7361,1234
mine,ML-KEM-768,1,16,4714,9472,49.7677,1234
mine,ML-KEM-768,1,17,4750,9472,50.1478,1234
mine,ML-KEM-768,1,18,4675,9472,49.356,1234
mine,ML-KEM-768,1,19,4767,9472,50.3273,1234
mine,ML-KEM-768,1,20,4700,9472,49.6199,1234
mine,ML-KEM-768,1,21,4685,9472,49.4616,1234
mine,ML-KEM-768,1,22,4709,9472,49.7149,1234
mine,ML-KEM-768,1,23,4704,9472,49.6622,1234
mine,ML-KEM-768,1,24,4711,9472,49.7361,1234
mine,ML-KEM-768,1,25,4642,9472,49.0076,1234
mine,ML-KEM-768,1,26,4679,9472,49.3982,1234
mine,ML-KEM-768,1,27,4692,9472,49.5355,1234
mine,ML-KEM-768,1,28,4660,9472,49.1976,1234
mine,ML-KEM-768,1,29,4659,9472,49.1871,1234
mine,ML-KEM-768,1,30,4705,9472,49.6727,1234
mine,ML-KEM-768,1,31,4742,9472,50.0633,1234
mine,ML-KEM-768,1,32,4719,9472,49.8205,1234
mine,ML-KEM-768,1,33,4784,9472,50.5068,1234
mine,ML-KEM-768,1,34,4709,9472,49.7149,1234
mine,ML-KEM-768,1,35,4691,9472,49.5249,1234
mine,ML-KEM-768,1,36,4736,9472,50.0,1234
mine,ML-KEM-768,1,37,4761,9472,50.2639,1234
mine,ML-KEM-768,1,38,4649,9472,49.0815,1234
mine,ML-KEM-768,1,39,4732,9472,49.9578,1234
mine,ML-KEM-768,1,40,4708,9472,49.7044,1234
mine,ML-KEM-768,1,41,4740,9472,50.0422,1234
mine,ML-KEM-768,1,42,4694,9472,49.5566,1234
mine,ML-KEM-768,1,43,4666,9472,49.261,1234
mine,ML-KEM-768,1,44,4712,9472,49.7466,1234
mine,ML-KEM-768,1,45,4682,9472,49.4299,1234
mine,ML-KEM-768,1,46,4720,9472,49.8311,1234
mine,ML-KEM-768,1,47,4736,9472,50.0,1234
mine,ML-KEM-768,1,48,4722,9472,49.8522,1234
mine,ML-KEM-768,1,49,4698,9472,49.5988,1234
mine,ML-KEM-768,1,50,4761,9472,50.2639,1234
mine,ML-KEM-768,1,51,4763,9472,50.2851,1234
mine,ML-KEM-768,1,52,4733,9472,49.9683,1234
mine,ML-KEM-768,1,53,4607,9472,48.6381,1234
mine,ML-KEM-768,1,54,4711,9472,49.7361,1234
mine,ML-KEM-768,1,55,4760,9472,50.2534,1234
mine,ML-KEM-768,1,56,4651,9472,49.1026,1234
mine,ML-KEM-768,1,57,4663,9472,49.2293,1234
mine,ML-KEM-768,1,58,4791,9472,50.5807,1234
mine,ML-KEM-768,1,59,4710,9472,49.7255,1234
mine,ML-KEM-768,1,60,4695,9472,49.5671,1234
mine,ML-KEM-768,1,61,4699,9472,49.6094,1234
mine,ML-KEM-768,1,62,4707,9472,49.6938,1234
mine,ML-KEM-768,1,63,4670,9472,49.3032,1234
mine,ML-KEM-768,1,64,4699,9472,49.6094,1234
mine,ML-KEM-768,1,65,4684,9472,49.451,1234
mine,ML-KEM-768,1,66,4617,9472,48.7437,1234
mine,ML-KEM-768,1,67,4676,9472,49.3666,1234
mine,ML-KEM-768,1,68,4651,9472,49.1026,1234
mine,ML-KEM-768,1,69,4752,9472,50.1689,1234
mine,ML-KEM-768,1,70,4726,9472,49.8944,1234
mine,ML-KEM-768,1,71,4693,9472,49.546,1234
mine,ML-KEM-768,1,72,4620,9472,48.7753,1234
mine,ML-KEM-768,1,73,4690,9472,49.5144,1234
mine,ML-KEM-768,1,74,4813,9472,50.8129,1234
mine,ML-KEM-768,1,75,4705,9472,49.6727,1234
mine,ML-KEM-768,1,76,4720,9472,49.8311,1234
mine,ML-KEM-768,1,77,4626,9472,48.8387,1234
mine,ML-KEM-768,1,78,4598,9472,48.5431,1234
mine,ML-KEM-768,1,79,4681,9472,49.4193,1234
mine,ML-KEM-768,1,80,4665,9472,49.2504,1234
mine,ML-KEM-768,1,81,4696,9472,49.5777,1234
mine,ML-KEM-768,1,82,4628,9472,48.8598,1234
mine,ML-KEM-768,1,83,4671,9472,49.3138,1234
mine,ML-KEM-768,1,84,4720,9472,49.8311,1234
mine,ML-KEM-768,1,85,4653,9472,49.1237,1234
mine,ML-KEM-768,1,86,4684,9472,49.451,1234
mine,ML-KEM-768,1,87,4708,9472,49.7044,1234
mine,ML-KEM-768,1,88,4721,9472,49.8416,1234
mine,ML-KEM-768,1,89,4734,9472,49.9789,1234
mine,ML-KEM-768,1,90,4707,9472,49.6938,1234
mine,ML-KEM-768,1,91,4657,9472,49.166,1234
mine,ML-KEM-768,1,92,4715,9472,49.7783,1234
mine,ML-KEM-768,1,93,4761,9472,50.2639,1234
mine,ML-KEM-768,1,94,4680,9472,49.4088,1234
mine,ML-KEM-768,1,95,4639,9472,48.9759,1234
mine,ML-KEM-768,1,96,4677,9472,49.3771,1234
mine,ML-KEM-768,1,97,4721,9472,49.8416,1234
mine,ML-KEM-768,1,98,4753,9472,50.1795,1234
mine,ML-KEM-768,1,99,4656,9472,49.1554,1234
mine,ML-KEM-768,1,100,4726,9472,49.8944,1234
mine,ML-KEM-768,1,101,4756,9472,50.2111,1234
mine,ML-KEM-768,1,102,4636,9472,48.9443,1234
mine,ML-KEM-768,1,103,4703,9472,49.6516,1234
mine,ML-KEM-768,1,104,4747,9472,50.1161,1234
mine,ML-KEM-768,1,105,4686,9472,49.4721,1234
mine,ML-KEM-768,1,106,4648,9472,49.0709,1234
mine,ML-KEM-768,1,107,4716,9472,49.7889,1234
mine,ML-KEM-768,1,108,4655,9472,49.1448,1234
mine,ML-KEM-768,1,109,4671,9472,49.3138,1234
mine,ML-KEM-768,1,110,4657,9472,49.166,1234
mine,ML-KEM-768,1,111,4721,9472,49.8416,1234
mine,ML-KEM-768,1,112,4686,9472,49.4721,1234
mine,ML-KEM-768,1,113,4616,9472,48.7331,1234
mine,ML-KEM-768,1,114,4598,9472,48.5431,1234
mine,ML-KEM-768,1,115,4719,9472,49.8205,1234
mine,ML-KEM-768,1,116,4662,9472,49.2188,1234
mine,ML-KEM-768,1,117,4626,9472,48.8387,1234
mine,ML-KEM-768,1,118,4719,9472,49.8205,1234
mine,ML-KEM-768,1,119,4638,9472,48.9654,1234
mine,ML-KEM-768,1,120,4659,9472,49.1871,1234
mine,ML-KEM-768,1,121,4706,9472,49.6833,1234
mine,ML-KEM-768,1,122,4776,9472,50.4223,1234
mine,ML-KEM-768,1,123,4662,9472,49.2188,1234
mine,ML-KEM-768,1,124,4694,9472,49.5566,1234
mine,ML-KEM-768,1,125,4689,9472,49.5038,1234
mine,ML-KEM-768,1,126,4741,9472,50.0528,1234
mine,ML-KEM-768,1,127,4674,9472,49.3454,1234
mine,ML-KEM-768,1,128,4632,9472,48.902,1234
mine,ML-KEM-768,1,129,4709,9472,49.7149,1234
mine,ML-KEM-768,1,130,4721,9472,49.8416,1234
mine,ML-KEM-768,1,131,4726,9472,49.8944,1234
mine,ML-KEM-768,1,132,4684,9472,49.451,1234
mine,ML-KEM-768,1,133,4715,9472,49.7783,1234
mine,ML-KEM-768,1,134,4728,9472,49.9155,1234
mine,ML-KEM-768,1,135,4713,9472,49.7572,1234
mine,ML-KEM-768,1,136,4691,9472,49.5249,1234
mine,ML-KEM-768,1,137,4703,9472,49.6516,1234
mine,ML-KEM-768,1,138,4615,9472,48.7226,1234
mine,ML-KEM-768,1,139,4725,9472,49.8839,1234
mine,ML-KEM-768,1,140,4632,9472,48.902,1234
mine,ML-KEM-768,1,141,4701,9472,49.6305,1234
mine,ML-KEM-768,1,142,4602,9472,48.5853,1234
mine,ML-KEM-768,1,143,4728,9472,49.9155,1234
mine,ML-KEM-768,1,144,4722,9472,49.8522,1234
mine,ML-KEM-768,1,145,4747,9472,50.1161,1234
mine,ML-KEM-768,1,146,4772,9472,50.3801,1234
mine,ML-KEM-768,1,147,4668,9472,49.2821,1234
mine,ML-KEM-768,1,148,4624,9472,48.8176,1234
mine,ML-KEM-768,1,149,4660,9472,49.1976,1234
mine,ML-KEM-768,1,150,4717,9472,49.7994,1234
mine,ML-KEM-768,1,151,4695,9472,49.5671,1234
mine,ML-KEM-768,1,152,4729,9472,49.9261,1234
mine,ML-KEM-768,1,153,4703,9472,49.6516,1234
mine,ML-KEM-768,1,154,4700,9472,49.6199,1234
mine,ML-KEM-768,1,155,4720,9472,49.8311,1234
mine,ML-KEM-768,1,156,4647,9472,49.0604,1234
mine,ML-KEM-768,1,157,4650,9472,49.0921,1234
mine,ML-KEM-768,1,158,4625,9472,48.8281,1234
mine,ML-KEM-768,1,159,4691,9472,49.5249,1234
mine,ML-KEM-768,1,160,4700,9472,49.6199,1234
mine,ML-KEM-768,1,161,4684,9472,49.451,1234
mine,ML-KEM-768,1,162,4773,9472,50.3906,1234
mine,ML-KEM-768,1,163,4610,9472,48.6698,1234
mine,ML-KEM-768,1,164,4740,9472,50.0422,1234
mine,ML-KEM-768,1,165,4614,9472,48.712,1234
mine,ML-KEM-768,1,166,4689,9472,49.5038,1234
mine,ML-KEM-768,1,167,4786,9472,50.5279,1234
mine,ML-KEM-768,1,168,4687,9472,49.4827,1234
mine,ML-KEM-768,1,169,4637,9472,48.9548,1234
mine,ML-KEM-768,1,170,4673,9472,49.3349,1234
mine,ML-KEM-768,1,171,4675,9472,49.356,1234
mine,ML-KEM-768,1,172,4619,9472,48.7648,1234
mine,ML-KEM-768,1,173,4690,9472,49.5144,1234
mine,ML-KEM-768,1,174,4650,9472,49.0921,1234
mine,ML-KEM-768,1,175,4649,9472,49.0815,1234
mine,ML-KEM-768,1,176,4716,9472,49.7889,1234
mine,ML-KEM-768,1,177,4694,9472,49.5566,1234
mine,ML-KEM-768,1,178,4702,9472,49.641,1234
mine,ML-KEM-768,1,179,4689,9472,49.5038,1234
mine,ML-KEM-768,1,180,4681,9472,49.4193,1234
mine,ML-KEM-768,1,181,4704,9472,49.6622,1234
mine,ML-KEM-768,1,182,4791,9472,50.5807,1234
mine,ML-KEM-768,1,183,4722,9472,49.8522,1234
mine,ML-KEM-768,1,184,4693,9472,49.546,1234
mine,ML-KEM-768,1,185,4751,9472,50.1584,1234
mine,ML-KEM-768,1,186,4693,9472,49.546,1234
mine,ML-KEM-768,1,187,4695,9472,49.5671,1234
mine,ML-KEM-768,1,188,4718,9472,49.81,1234
mine,ML-KEM-768,1,189,4648,9472,49.0709,1234
mine,ML-KEM-768,1,190,4690,9472,49.5144,1234
mine,ML-KEM-768,1,191,4648,9472,49.0709,1234
mine,ML-KEM-768,1,192,4686,9472,49.4721,1234
mine,ML-KEM-768,1,193,4667,9472,49.2715,1234
mine,ML-KEM-768,1,194,4634,9472,48.9231,1234
mine,ML-KEM-768,1,195,4642,9472,49.0076,1234
mine,ML-KEM-768,1,196,4719,9472,49.8205,1234
mine,ML-KEM-768,1,197,4728,9472,49.9155,1234
mine,ML-KEM-768,1,198,4648,9472,49.0709,1234
mine,ML-KEM-768,1,199,4684,9472,49.451,1234
mine,ML-KEM-768,1,200,4635,9472,48.9337,1234
mine,ML-KEM-768,1,201,4716,9472,49.7889,1234
mine,ML-KEM-768,1,202,4639,9472,48.9759,1234
mine,ML-KEM-768,1,203,4657,9472,49.166,1234
mine,ML-KEM-768,1,204,4606,9472,48.6275,1234
mine,ML-KEM-768,1,205,4787,9472,50.5384,1234
mine,ML-KEM-768,1,206,4681,9472,49.4193,1234
mine,ML-KEM-768,1,207,4686,9472,49.4721,1234
mine,ML-KEM-768,1,208,4637,9472,48.9548,1234
mine,ML-KEM-768,1,209,4696,9472,49.5777,1234
mine,ML-KEM-768,1,210,4795,9472,50.6229,1234
mine,ML-KEM-768,1,211,4731,9472,49.9472,1234
mine,ML-KEM-768,1,212,4769,9472,50.3484,1234
mine,ML-KEM-768,1,213,4689,9472,49.5038,1234
mine,ML-KEM-768,1,214,4688,9472,49.4932,1234
mine,ML-KEM-768,1,215,4765,9472,50.3062,1234
mine,ML-KEM-768,1,216,4680,9472,49.4088,1234
mine,ML-KEM-768,1,217,4686,9472,49.4721,1234
mine,ML-KEM-768,1,218,4642,9472,49.0076,1234
mine,ML-KEM-768,1,219,4665,9472,49.2504,1234
mine,ML-KEM-768,1,220,4659,9472,49.1871,1234
mine,ML-KEM-768,1,221,4750,9472,50.1478,1234
mine,ML-KEM-768,1,222,4659,9472,49.1871,1234
mine,ML-KEM-768,1,223,4712,9472,49.7466,1234
mine,ML-KEM-768,1,224,4672,9472,49.3243,1234
mine,ML-KEM-768,1,225,4731,9472,49.9472,1234
mine,ML-KEM-768,1,226,4666,9472,49.261,1234
mine,ML-KEM-768,1,227,4685,9472,49.4616,1234
mine,ML-KEM-768,1,228,4714,9472,49.7677,1234
mine,ML-KEM-768,1,229,4715,9472,49.7783,1234
mine,ML-KEM-768,1,230,4707,9472,49.6938,1234
mine,ML-KEM-768,1,231,4741,9472,50.0528,1234
mine,ML-KEM-768,1,232,4692,9472,49.5355,1234
mine,ML-KEM-768,1,233,4677,9472,49.3771,1234
mine,ML-KEM-768,1,234,4741,9472,50.0528,1234
mine,ML-KEM-768,1,235,4796,9472,50.6334,1234
mine,ML-KEM-768,1,236,4629,9472,48.8704,1234
mine,ML-KEM-768,1,237,4663,9472,49.2293,1234
mine,ML-KEM-768,1,238,4677,9472,49.3771,1234
mine,ML-KEM-768,1,239,4823,9472,50.9185,1234
mine,ML-KEM-768,1,240,4718,9472,49.81,1234
mine,ML-KEM-768,1,241,4677,9472,49.3771,1234
mine,ML-KEM-768,1,242,4736,9472,50.0,1234
mine,ML-KEM-768,1,243,4786,9472,50.5279,1234
mine,ML-KEM-768,1,244,4665,9472,49.2504,1234
mine,ML-KEM-768,1,245,4655,9472,49.1448,1234
mine,ML-KEM-768,1,246,4678,9472,49.3877,1234
mine,ML-KEM-768,1,247,4742,9472,50.0633,1234
mine,ML-KEM-768,1,248,4723,9472,49.8628,1234
mine,ML-KEM-768,1,249,4673,9472,49.3349,1234
mine,ML-KEM-768,1,250,4694,9472,49.5566,1234
mine,ML-KEM-768,1,251,4696,9472,49.5777,1234
mine,ML-KEM-768,1,252,4723,9472,49.8628,1234
mine,ML-KEM-768,1,253,4648,9472,49.0709,1234
mine,ML-KEM-768,1,254,4715,9472,49.7783,1234
mine,ML-KEM-768,1,255,4798,9472,50.6546,1234
mine,ML-KEM-768,1,256,4696,9472,49.5777,1234
mine,ML-KEM-768,1,257,4732,9472,49.9578,1234
mine,ML-KEM-768,1,258,4704,9472,49.6622,1234
mine,ML-KEM-768,1,259,4783,9472,50.4962,1234
mine,ML-KEM-768,1,260,4762,9472,50.2745,1234
mine,ML-KEM-768,1,261,4714,9472,49.7677,1234
mine,ML-KEM-768,1,262,4712,9472,49.7466,1234
mine,ML-KEM-768,1,263,4699,9472,49.6094,1234
mine,ML-KEM-768,1,264,4686,9472,49.4721,1234
mine,ML-KEM-768,1,265,4676,9472,49.3666,1234
mine,ML-KEM-768,1,266,4687,9472,49.4827,1234
mine,ML-KEM-768,1,267,4588,9472,48.4375,1234
mine,ML-KEM-768,1,268,4761,9472,50.2639,1234
mine,ML-KEM-768,1,269,4699,9472,49.6094,1234
mine,ML-KEM-768,1,270,4709,9472,49.7149,1234
mine,ML-KEM-768,1,271,4694,9472,49.5566,1234
mine,ML-KEM-768,1,272,4769,9472,50.3484,1234
mine,ML-KEM-768,1,273,4716,9472,49.7889,1234
mine,ML-KEM-768,1,274,4648,9472,49.0709,1234
mine,ML-KEM-768,1,275,4615,9472,48.7226,1234
mine,ML-KEM-768,1,276,4669,9472,49.2927,1234
mine,ML-KEM-768,1,277,4624,9472,48.8176,1234
mine,ML-KEM-768,1,278,4697,9472,49.5883,1234
mine,ML-KEM-768,1,279,4681,9472,49.4193,1234
mine,ML-KEM-768,1,280,4641,9472,48.997,1234
mine,ML-KEM-768,1,281,4795,9472,50.6229,1234
mine,ML-KEM-768,1,282,4824,9472,50.9291,1234
mine,ML-KEM-768,1,283,4750,9472,50.1478,1234
mine,ML-KEM-768,1,284,4731,9472,49.9472,1234
mine,ML-KEM-768,1,285,4686,9472,49.4721,1234
mine,ML-KEM-768,1,286,4652,9472,49.1132,1234
mine,ML-KEM-768,1,287,4747,9472,50.1161,1234
mine,ML-KEM-768,1,288,4745,9472,50.095,1234
mine,ML-KEM-768,1,289,4716,9472,49.7889,1234
mine,ML-KEM-768,1,290,4689,9472,49.5038,1234
mine,ML-KEM-768,1,291,4730,9472,49.9367,1234
mine,ML-KEM-768,1,292,4757,9472,50.2217,1234
mine,ML-KEM-768,1,293,4638,9472,48.9654,1234
mine,ML-KEM-768,1,294,4773,9472,50.3906,1234
mine,ML-KEM-768,1,295,4713,9472,49.7572,1234
mine,ML-KEM-768,1,296,4775,9472,50.4117,1234
mine,ML-KEM-768,1,297,4733,9472,49.9683,1234
mine,ML-KEM-768,1,298,4652,9472,49.1132,1234
mine,ML-KEM-768,1,299,4575,9472,48.3003,1234
mine,ML-KEM-768,1,300,4682,9472,49.4299,1234
mine,ML-KEM-768,1,301,4697,9472,49.5883,1234
mine,ML-KEM-768,1,302,4825,9472,50.9396,1234
mine,ML-KEM-768,1,303,4696,9472,49.5777,1234
mine,ML-KEM-768,1,304,4660,9472,49.1976,1234
mine,ML-KEM-768,1,305,4638,9472,48.9654,1234
mine,ML-KEM-768,1,306,4685,9472,49.4616,1234
mine,ML-KEM-768,1,307,4650,9472,49.0921,1234
mine,ML-KEM-768,1,308,4663,9472,49.2293,1234
mine,ML-KEM-768,1,309,4657,9472,49.166,1234
mine,ML-KEM-768,1,310,4689,9472,49.5038,1234
mine,ML-KEM-768,1,311,4642,9472,49.0076,1234
mine,ML-KEM-768,1,312,4712,9472,49.7466,1234
mine,ML-KEM-768,1,313,4699,9472,49.6094,1234
mine,ML-KEM-768,1,314,4540,9472,47.9307,1234
mine,ML-KEM-768,1,315,4661,9472,49.2082,1234
mine,ML-KEM-768,1,316,4673,9472,49.3349,1234
mine,ML-KEM-768,1,317,4672,9472,49.3243,1234
mine,ML-KEM-768,1,318,4686,9472,49.4721,1234
mine,ML-KEM-768,1,319,4726,9472,49.8944,1234
mine,ML-KEM-768,1,320,4692,9472,49.5355,1234
mine,ML-KEM-768,1,321,4765,9472,50.3062,1234
mine,ML-KEM-768,1,322,4668,9472,49.2821,1234
mine,ML-KEM-768,1,323,4656,9472,49.1554,1234
mine,ML-KEM-768,1,324,4668,9472,49.2821,1234
mine,ML-KEM-768,1,325,4709,9472,49.7149,1234
mine,ML-KEM-768,1,326,4731,9472,49.9472,1234
mine,ML-KEM-768,1,327,4705,9472,49.6727,1234
mine,ML-KEM-768,1,328,4704,9472,49.6622,1234
mine,ML-KEM-768,1,329,4742,9472,50.0633,1234
mine,ML-KEM-768,1,330,4641,9472,48.997,1234
mine,ML-KEM-768,1,331,4728,9472,49.9155,1234
mine,ML-KEM-768,1,332,4707,9472,49.6938,1234
mine,ML-KEM-768,1,333,4704,9472,49.6622,1234
mine,ML-KEM-768,1,334,4694,9472,49.5566,1234
mine,ML-KEM-768,1,335,4712,9472,49.7466,1234
mine,ML-KEM-768,1,336,4662,9472,49.2188,1234
mine,ML-KEM-768,1,337,4713,9472,49.7572,1234
mine,ML-KEM-768,1,338,4649,9472,49.0815,1234
mine,ML-KEM-768,1,339,4685,9472,49.4616,1234
mine,ML-KEM-768,1,340,4746,9472,50.1056,1234
mine,ML-KEM-768,1,341,4708,9472,49.7044,1234
mine,ML-KEM-768,1,342,4678,9472,49.3877,1234
mine,ML-KEM-768,1,343,4710,9472,49.7255,1234
mine,ML-KEM-768,1,344,4703,9472,49.6516,1234
mine,ML-KEM-768,1,345,4704,9472,49.6622,1234
mine,ML-KEM-768,1,346,4661,9472,49.2082,1234
mine,ML-KEM-768,1,347,4724,9472,49.8733,1234
mine,ML-KEM-768,1,348,4654,9472,49.1343,1234
mine,ML-KEM-768,1,349,4619,9472,48.7648,1234
mine,ML-KEM-768,1,350,4690,9472,49.5144,1234
mine,ML-KEM-768,1,351,4613,9472,48.7014,1234
mine,ML-KEM-768,1,352,4691,9472,49.5249,1234
mine,ML-KEM-768,1,353,4714,9472,49.7677,1234
mine,ML-KEM-768,1,354,4709,9472,49.7149,1234
mine,ML-KEM-768,1,355,4647,9472,49.0604,1234
mine,ML-KEM-768,1,356,4685,9472,49.4616,1234
mine,ML-KEM-768,1,357,4633,9472,48.9126,1234
mine,ML-KEM-768,1,358,4682,9472,49.4299,1234
mine,ML-KEM-768,1,359,4725,9472,49.8839,1234
mine,ML-KEM-768,1,360,4706,9472,49.6833,1234
mine,ML-KEM-768,1,361,4613,9472,48.7014,1234
mine,ML-KEM-768,1,362,4722,9472,49.8522,1234
mine,ML-KEM-768,1,363,4671,9472,49.3138,1234
mine,ML-KEM-768,1,364,4627,9472,48.8492,1234
mine,ML-KEM-768,1,365,4707,9472,49.6938,1234
mine,ML-KEM-768,1,366,4631,9472,48.8915,1234
mine,ML-KEM-768,1,367,4663,9472,49.2293,1234
mine,ML-KEM-768,1,368,4728,9472,49.9155,1234
mine,ML-KEM-768,1,369,4717,9472,49.7994,1234
mine,ML-KEM-768,1,370,4701,9472,49.6305,1234
mine,ML-KEM-768,1,371,4647,9472,49.0604,1234
mine,ML-KEM-768,1,372,4585,9472,48.4058,1234
mine,ML-KEM-768,1,373,4737,9472,50.0106,1234
mine,ML-KEM-768,1,374,4650,9472,49.0921,1234
mine,ML-KEM-768,1,375,4723,9472,49.8628,1234
mine,ML-KEM-768,1,376,4687,9472,49.4827,1234
mine,ML-KEM-768,1,377,4712,9472,49.7466,1234
mine,ML-KEM-768,1,378,4737,9472,50.0106,1234
mine,ML-KEM-768,1,379,4754,9472,50.19,1234
mine,ML-KEM-768,1,380,4819,9472,50.8763,1234
mine,ML-KEM-768,1,381,4687,9472,49.4827,1234
mine,ML-KEM-768,1,382,4652,9472,49.1132,1234
mine,ML-KEM-768,1,383,4701,9472,49.6305,1234
mine,ML-KEM-768,1,384,4735,9472,49.9894,1234
mine,ML-KEM-768,1,385,4650,9472,49.0921,1234
mine,ML-KEM-768,1,386,4647,9472,49.0604,1234
mine,ML-KEM-768,1,387,4705,9472,49.6727,1234
mine,ML-KEM-768,1,388,4777,9472,50.4329,1234
mine,ML-KEM-768,1,389,4685,9472,49.4616,1234
mine,ML-KEM-768,1,390,4686,9472,49.4721,1234
mine,ML-KEM-768,1,391,4673,9472,49.3349,1234
mine,ML-KEM-768,1,392,4583,9472,48.3847,1234
mine,ML-KEM-768,1,393,4726,9472,49.8944,1234
mine,ML-KEM-768,1,394,4639,9472,48.9759,1234
mine,ML-KEM-768,1,395,4652,9472,49.1132,1234
mine,ML-KEM-768,1,396,4670,9472,49.3032,1234
mine,ML-KEM-768,1,397,4685,9472,49.4616,1234
mine,ML-KEM-768,1,398,4657,9472,49.166,1234
mine,ML-KEM-768,1,399,4634,9472,48.9231,1234
mine,ML-KEM-768,1,400,4660,9472,49.1976,1234
mine,ML-KEM-768,1,401,4719,9472,49.8205,1234
mine,ML-KEM-768,1,402,4677,9472,49.3771,1234
mine,ML-KEM-768,1,403,4729,9472,49.9261,1234
mine,ML-KEM-768,1,404,4664,9472,49.2399,1234
mine,ML-KEM-768,1,405,4608,9472,48.6486,1234
mine,ML-KEM-768,1,406,4738,9472,50.0211,1234
mine,ML-KEM-768,1,407,4684,9472,49.451,1234
mine,ML-KEM-768,1,408,4780,9472,50.4645,1234
mine,ML-KEM-768,1,409,4772,9472,50.3801,1234
mine,ML-KEM-768,1,410,4798,9472,50.6546,1234
mine,ML-KEM-768,1,411,4630,9472,48.8809,1234
mine,ML-KEM-768,1,412,4665,9472,49.2504,1234
mine,ML-KEM-768,1,413,4701,9472,49.6305,1234
mine,ML-KEM-768,1,414,4693,9472,49.546,1234
mine,ML-KEM-768,1,415,4750,9472,50.1478,1234
mine,ML-KEM-768,1,416,4731,9472,49.9472,1234
mine,ML-KEM-768,1,417,4672,9472,49.3243,1234
mine,ML-KEM-768,1,418,4638,9472,48.9654,1234
mine,ML-KEM-768,1,419,4691,9472,49.5249,1234
mine,ML-KEM-768,1,420,4611,9472,48.6803,1234
mine,ML-KEM-768,1,421,4754,9472,50.19,1234
mine,ML-KEM-768,1,422,4746,9472,50.1056,1234
mine,ML-KEM-768,1,423,4649,9472,49.0815,1234
mine,ML-KEM-768,1,424,4632,9472,48.902,1234
mine,ML-KEM-768,1,425,4670,9472,49.3032,1234
mine,ML-KEM-768,1,426,4643,9472,49.0182,1234
mine,ML-KEM-768,1,427,4556,9472,48.0997,1234
mine,ML-KEM-768,1,428,4717,9472,49.7994,1234
mine,ML-KEM-768,1,429,4637,9472,48.9548,1234
mine,ML-KEM-768,1,430,4632,9472,48.902,1234
mine,ML-KEM-768,1,431,4722,9472,49.8522,1234
mine,ML-KEM-768,1,432,4698,9472,49.5988,1234
mine,ML-KEM-768,1,433,4571,9472,48.258,1234
mine,ML-KEM-768,1,434,4713,9472,49.7572,1234
mine,ML-KEM-768,1,435,4717,9472,49.7994,1234
mine,ML-KEM-768,1,436,4712,9472,49.7466,1234
mine,ML-KEM-768,1,437,4620,9472,48.7753,1234
mine,ML-KEM-768,1,438,4695,9472,49.5671,1234
mine,ML-KEM-768,1,439,4675,9472,49.356,1234
mine,ML-KEM-768,1,440,4623,9472,48.807,1234
mine,ML-KEM-768,1,441,4634,9472,48.9231,1234
mine,ML-KEM-768,1,442,4605,9472,48.617,1234
mine,ML-KEM-768,1,443,4638,9472,48.9654,1234
mine,ML-KEM-768,1,444,4723,9472,49.8628,1234
mine,ML-KEM-768,1,445,4751,9472,50.1584,1234
mine,ML-KEM-768,1,446,4728,9472,49.9155,1234
mine,ML-KEM-768,1,447,4628,9472,48.8598,1234
mine,ML-KEM-768,1,448,4742,9472,50.0633,1234
mine,ML-KEM-768,1,449,4756,9472,50.2111,1234
mine,ML-KEM-768,1,450,4772,9472,50.3801,1234
mine,ML-KEM-768,1,451,4668,9472,49.2821,1234
mine,ML-KEM-768,1,452,4656,9472,49.1554,1234
mine,ML-KEM-768,1,453,4742,9472,50.0633,1234
mine,ML-KEM-768,1,454,4623,9472,48.807,1234
mine,ML-KEM-768,1,455,4735,9472,49.9894,1234
mine,ML-KEM-768,1,456,4755,9472,50.2006,1234
mine,ML-KEM-768,1,457,4614,9472,48.712,1234
mine,ML-KEM-768,1,458,4686,9472,49.4721,1234
mine,ML-KEM-768,1,459,4770,9472,50.359,1234
mine,ML-KEM-768,1,460,4629,9472,48.8704,1234
mine,ML-KEM-768,1,461,4767,9472,50.3273,1234
mine,ML-KEM-768,1,462,4690,9472,49.5144,1234
mine,ML-KEM-768,1,463,4634,9472,48.9231,1234
mine,ML-KEM-768,1,464,4748,9472,50.1267,1234
mine,ML-KEM-768,1,465,4635,9472,48.9337,1234
mine,ML-KEM-768,1,466,4787,9472,50.5384,1234
mine,ML-KEM-768,1,467,4792,9472,50.5912,1234
mine,ML-KEM-768,1,468,4758,9472,50.2323,1234
mine,ML-KEM-768,1,469,4684,9472,49.451,1234
mine,ML-KEM-768,1,470,4715,9472,49.7783,1234
mine,ML-KEM-768,1,471,4744,9472,50.0845,1234
mine,ML-KEM-768,1,472,4738,9472,50.0211,1234
mine,ML-KEM-768,1,473,4659,9472,49.1871,1234
mine,ML-KEM-768,1,474,4670,9472,49.3032,1234
mine,ML-KEM-768,1,475,4751,9472,50.1584,1234
mine,ML-KEM-768,1,476,4698,9472,49.5988,1234
mine,ML-KEM-768,1,477,4665,9472,49.2504,1234
mine,ML-KEM-768,1,478,4774,9472,50.4012,1234
mine,ML-KEM-768,1,479,4699,9472,49.6094,1234
mine,ML-KEM-768,1,480,4724,9472,49.8733,1234
mine,ML-KEM-768,1,481,4744,9472,50.0845,1234
mine,ML-KEM-768,1,482,4731,9472,49.9472,1234
mine,ML-KEM-768,1,483,4679,9472,49.3982,1234
mine,ML-KEM-768,1,484,4660,9472,49.1976,1234
mine,ML-KEM-768,1,485,4702,9472,49.641,1234
mine,ML-KEM-768,1,486,4677,9472,49.3771,1234
mine,ML-KEM-768,1,487,4716,9472,49.7889,1234
mine,ML-KEM-768,1,488,4701,9472,49.6305,1234
mine,ML-KEM-768,1,489,4707,9472,49.6938,1234
mine,ML-KEM-768,1,490,4714,9472,49.7677,1234
mine,ML-KEM-768,1,491,4758,9472,50.2323,1234
mine,ML-KEM-768,1,492,4686,9472,49.4721,1234
mine,ML-KEM-768,1,493,4755,9472,50.2006,1234
mine,ML-KEM-768,1,494,4768,9472,50.3378,1234
mine,ML-KEM-768,1,495,4808,9472,50.7601,1234
mine,ML-KEM-768,1,496,4736,9472,50.0,1234
mine,ML-KEM-768,1,497,4752,9472,50.1689,1234
mine,ML-KEM-768,1,498,4718,9472,49.81,1234
mine,ML-KEM-768,1,499,4688,9472,49.4932,1234
mine,ML-KEM-768,2,0,4758,9472,50.2323,1234
mine,ML-KEM-768,2,1,4792,9472,50.5912,1234
mine,ML-KEM-768,2,2,4674,9472,49.3454,1234
mine,ML-KEM-768,2,3,4756,9472,50.2111,1234
mine,ML-KEM-768,2,4,4632,9472,48.902,1234
mine,ML-KEM-768,2,5,4787,9472,50.5384,1234
mine,ML-KEM-768,2,6,4732,9472,49.9578,1234
mine,ML-KEM-768,2,7,4727,9472,49.905,1234
mine,ML-KEM-768,2,8,4750,9472,50.1478,1234
mine,ML-KEM-768,2,9,4745,9472,50.095,1234
mine,ML-KEM-768,2,10,4698,9472,49.5988,1234
mine,ML-KEM-768,2,11,4728,9472,49.9155,1234
mine,ML-KEM-768,2,12,4691,9472,49.5249,1234
mine,ML-KEM-768,2,13,4633,9472,48.9126,1234
mine,ML-KEM-768,2,14,4772,9472,50.3801,1234
mine,ML-KEM-768,2,15,4713,9472,49.7572,1234
mine,ML-KEM-768,2,16,4707,9472,49.6938,1234
mine,ML-KEM-768,2,17,4722,9472,49.8522,1234
mine,ML-KEM-768,2,18,4747,9472,50.1161,1234
mine,ML-KEM-768,2,19,4757,9472,50.2217,1234
mine,ML-KEM-768,2,20,4642,9472,49.0076,1234
mine,ML-KEM-768,2,21,4664,9472,49.2399,1234
mine,ML-KEM-768,2,22,4765,9472,50.3062,1234
mine,ML-KEM-768,2,23,4681,9472,49.4193,1234
mine,ML-KEM-768,2,24,4663,9472,49.2293,1234
mine,ML-KEM-768,2,25,4648,9472,49.0709,1234
mine,ML-KEM-768,2,26,4674,9472,49.3454,1234
mine,ML-KEM-768,2,27,4662,9472,49.2188,1234
mine,ML-KEM-768,2,28,4775,9472,50.4117,1234
mine,ML-KEM-768,2,29,4702,9472,49.641,1234
mine,ML-KEM-768,2,30,4720,9472,49.8311,1234
mine,ML-KEM-768,2,31,4635,9472,48.9337,1234
mine,ML-KEM-768,2,32,4713,9472,49.7572,1234
mine,ML-KEM-768,2,33,4647,9472,49.0604,1234
mine,ML-KEM-768,2,34,4698,9472,49.5988,1234
mine,ML-KEM-768,2,35,4730,9472,49.9367,1234
mine,ML-KEM-768,2,36,4793,9472,50.6018,1234
mine,ML-KEM-768,2,37,4694,9472,49.5566,1234
mine,ML-KEM-768,2,38,4712,9472,49.7466,1234
mine,ML-KEM-768,2,39,4704,9472,49.6622,1234
mine,ML-KEM-768,2,40,4653,9472,49.1237,1234
mine,ML-KEM-768,2,41,4644,9472,49.0287,1234
mine,ML-KEM-768,2,42,4667,9472,49.2715,1234
mine,ML-KEM-768,2,43,4686,9472,49.4721,1234
mine,ML-KEM-768,2,44,4743,9472,50.0739,1234
mine,ML-KEM-768,2,45,4654,9472,49.1343,1234
mine,ML-KEM-768,2,46,4588,9472,48.4375,1234
mine,ML-KEM-768,2,47,4697,9472,49.5883,1234
mine,ML-KEM-768,2,48,4751,9472,50.1584,1234
mine,ML-KEM-768,2,49,4789,9472,50.5595,1234
mine,ML-KEM-768,2,50,4671,9472,49.3138,1234
mine,ML-KEM-768,2,51,4662,9472,49.2188,1234
mine,ML-KEM-768,2,52,4589,9472,48.4481,1234
mine,ML-KEM-768,2,53,4606,9472,48.6275,1234
mine,ML-KEM-768,2,54,4660,9472,49.1976,1234
mine,ML-KEM-768,2,55,4680,9472,49.4088,1234
mine,ML-KEM-768,2,56,4662,9472,49.2188,1234
mine,ML-KEM-768,2,57,4755,9472,50.2006,1234
mine,ML-KEM-768,2,58,4626,9472,48.8387,1234
mine,ML-KEM-768,2,59,4722,9472,49.8522,1234
mine,ML-KEM-768,2,60,4666,9472,49.261,1234
mine,ML-KEM-768,2,61,4712,9472,49.7466,1234
mine,ML-KEM-768,2,62,4744,9472,50.0845,1234
mine,ML-KEM-768,2,63,4675,9472,49.356,1234
mine,ML-KEM-768,2,64,4667,9472,49.2715,1234
mine,ML-KEM-768,2,65,4658,9472,49.1765,1234
mine,ML-KEM-768,2,66,4698,9472,49.5988,1234
mine,ML-KEM-768,2,67,4720,9472,49.8311,1234
mine,ML-KEM-768,2,68,4792,9472,50.5912,1234
mine,ML-KEM-768,2,69,4628,9472,48.8598,1234
mine,ML-KEM-768,2,70,4718,9472,49.81,1234
mine,ML-KEM-768,2,71,4683,9472,49.4405,1234
mine,ML-KEM-768,2,72,4702,9472,49.641,1234
mine,ML-KEM-768,2,73,4722,9472,49.8522,1234
mine,ML-KEM-768,2,74,4653,9472,49.1237,1234
mine,ML-KEM-768,2,75,4672,9472,49.3243,1234
mine,ML-KEM-768,2,76,4673,9472,49.3349,1234
mine,ML-KEM-768,2,77,4738,9472,50.0211,1234
mine,ML-KEM-768,2,78,4720,9472,49.8311,1234
mine,ML-KEM-768,2,79,4565,9472,48.1947,1234
mine,ML-KEM-768,2,80,4662,9472,49.2188,1234
mine,ML-KEM-768,2,81,4660,9472,49.1976,1234
mine,ML-KEM-768,2,82,4694,9472,49.5566,1234
mine,ML-KEM-768,2,83,4677,9472,49.3771,1234
mine,ML-KEM-768,2,84,4687,9472,49.4827,1234
mine,ML-KEM-768,2,85,4698,9472,49.5988,1234
mine,ML-KEM-768,2,86,4674,9472,49.3454,1234
mine,ML-KEM-768,2,87,4717,9472,49.7994,1234
mine,ML-KEM-768,2,88,4742,9472,50.0633,1234
mine,ML-KEM-768,2,89,4652,9472,49.1132,1234
mine,ML-KEM-768,2,90,4647,9472,49.0604,1234
mine,ML-KEM-768,2,91,4674,9472,49.3454,1234
mine,ML-KEM-768,2,92,4662,9472,49.2188,1234
mine,ML-KEM-768,2,93,4735,9472,49.9894,1234
mine,ML-KEM-768,2,94,4720,9472,49.8311,1234
mine,ML-KEM-768,2,95,4681,9472,49.4193,1234
mine,ML-KEM-768,2,96,4622,9472,48.7965,1234
mine,ML-KEM-768,2,97,4616,9472,48.7331,1234
mine,ML-KEM-768,2,98,4721,9472,49.8416,1234
mine,ML-KEM-768,2,99,4680,9472,49.4088,1234
mine,ML-KEM-768,2,100,4781,9472,50.4751,1234
mine,ML-KEM-768,2,101,4742,9472,50.0633,1234
mine,ML-KEM-768,2,102,4778,9472,50.4434,1234
mine,ML-KEM-768,2,103,4667,9472,49.2715,1234
mine,ML-KEM-768,2,104,4749,9472,50.1372,1234
mine,ML-KEM-768,2,105,4574,9472,48.2897,1234
mine,ML-KEM-768,2,106,4746,9472,50.1056,1234
mine,ML-KEM-768,2,107,4718,9472,49.81,1234
mine,ML-KEM-768,2,108,4771,9472,50.3695,1234
mine,ML-KEM-768,2,109,4688,9472,49.4932,1234
mine,ML-KEM-768,2,110,4721,9472,49.8416,1234
mine,ML-KEM-768,2,111,4648,9472,49.0709,1234
mine,ML-KEM-768,2,112,4612,9472,48.6909,1234
mine,ML-KEM-768,2,113,4693,9472,49.546,1234
mine,ML-KEM-768,2,114,4677,9472,49.3771,1234
mine,ML-KEM-768,2,115,4740,9472,50.0422,1234
mine,ML-KEM-768,2,116,4682,9472,49.4299,1234
mine,ML-KEM-768,2,117,4655,9472,49.1448,1234
mine,ML-KEM-768,2,118,4650,9472,49.0921,1234
mine,ML-KEM-768,2,119,4676,9472,49.3666,1234
mine,ML-KEM-768,2,120,4624,9472,48.8176,1234
mine,ML-KEM-768,2,121,4688,9472,49.4932,1234
mine,ML-KEM-768,2,122,4639,9472,48.9759,1234
mine,ML-KEM-768,2,123,4758,9472,50.2323,1234
mine,ML-KEM-768,2,124,4683,9472,49.4405,1234
mine,ML-KEM-768,2,125,4710,9472,49.7255,1234
mine,ML-KEM-768,2,126,4707,9472,49.6938,1234
mine,ML-KEM-768,2,127,4667,9472,49.2715,1234
mine,ML-KEM-768,2,128,4670,9472,49.3032,1234
mine,ML-KEM-768,2,129,4801,9472,50.6862,1234
mine,ML-KEM-768,2,130,4698,9472,49.5988,1234
mine,ML-KEM-768,2,131,4643,9472,49.0182,1234
mine,ML-KEM-768,2,132,4622,9472,48.7965,1234
mine,ML-KEM-768,2,133,4749,9472,50.1372,1234
mine,ML-KEM-768,2,134,4667,9472,49.2715,1234
mine,ML-KEM-768,2,135,4719,9472,49.8205,1234
mine,ML-KEM-768,2,136,4661,9472,49.2082,1234
mine,ML-KEM-768,2,137,4756,9472,50.2111,1234
mine,ML-KEM-768,2,138,4616,9472,48.7331,1234
mine,ML-KEM-768,2,139,4726,9472,49.8944,1234
mine,ML-KEM-768,2,140,4695,9472,49.5671,1234
mine,ML-KEM-768,2,141,4742,9472,50.0633,1234
mine,ML-KEM-768,2,142,4852,9472,51.2247,1234
mine,ML-KEM-768,2,143,4696,9472,49.5777,1234
mine,ML-KEM-768,2,144,4723,9472,49.8628,1234
mine,ML-KEM-768,2,145,4722,9472,49.8522,1234
mine,ML-KEM-768,2,146,4724,9472,49.8733,1234
mine,ML-KEM-768,2,147,4707,9472,49.6938,1234
mine,ML-KEM-768,2,148,4783,9472,50.4962,1234
mine,ML-KEM-768,2,149,4828,9472,50.9713,1234
mine,ML-KEM-768,2,150,4708,9472,49.7044,1234
mine,ML-KEM-768,2,151,4797,9472,50.644,1234
mine,ML-KEM-768,2,152,4730,9472,49.9367,1234
mine,ML-KEM-768,2,153,4729,9472,49.9261,1234
mine,ML-KEM-768,2,154,4731,9472,49.9472,1234
mine,ML-KEM-768,2,155,4693,9472,49.546,1234
mine,ML-KEM-768,2,156,4605,9472,48.617,1234
mine,ML-KEM-768,2,157,4591,9472,48.4692,1234
mine,ML-KEM-768,2,158,4710,9472,49.7255,1234
mine,ML-KEM-768,2,159,4728,9472,49.9155,1234
mine,ML-KEM-768,2,160,4652,9472,49.1132,1234
mine,ML-KEM-768,2,161,4757,9472,50.2217,1234
mine,ML-KEM-768,2,162,4845,9472,51.1508,1234
mine,ML-KEM-768,2,163,4768,9472,50.3378,1234
mine,ML-KEM-768,2,164,4715,9472,49.7783,1234
mine,ML-KEM-768,2,165,4701,9472,49.6305,1234
mine,ML-KEM-768,2,166,4723,9472,49.8628,1234
mine,ML-KEM-768,2,167,4723,9472,49.8628,1234
mine,ML-KEM-768,2,168,4698,9472,49.5988,1234
mine,ML-KEM-768,2,169,4650,9472,49.0921,1234
mine,ML-KEM-768,2,170,4770,9472,50.359,1234
mine,ML-KEM-768,2,171,4701,9472,49.6305,1234
mine,ML-KEM-768,2,172,4701,9472,49.6305,1234
mine,ML-KEM-768,2,173,4588,9472,48.4375,1234
mine,ML-KEM-768,2,174,4794,9472,50.6123,1234
mine,ML-KEM-768,2,175,4728,9472,49.9155,1234
mine,ML-KEM-768,2,176,4696,9472,49.5777,1234
mine,ML-KEM-768,2,177,4686,9472,49.4721,1234
mine,ML-KEM-768,2,178,4718,9472,49.81,1234
mine,ML-KEM-768,2,179,4554,9472,48.0785,1234
mine,ML-KEM-768,2,180,4741,9472,50.0528,1234
mine,ML-KEM-768,2,181,4701,9472,49.6305,1234
mine,ML-KEM-768,2,182,4693,9472,49.546,1234
mine,ML-KEM-768,2,183,4751,9472,50.1584,1234
mine,ML-KEM-768,2,184,4694,9472,49.5566,1234
mine,ML-KEM-768,2,185,4653,9472,49.1237,1234
mine,ML-KEM-768,2,186,4665,9472,49.2504,1234
mine,ML-KEM-768,2,187,4625,9472,48.8281,1234
mine,ML-KEM-768,2,188,4760,9472,50.2534,1234
mine,ML-KEM-768,2,189,4757,9472,50.2217,1234
mine,ML-KEM-768,2,190,4719,9472,49.8205,1234
mine,ML-KEM-768,2,191,4850,9472,51.2035,1234
mine,ML-KEM-768,2,192,4648,9472,49.0709,1234
mine,ML-KEM-768,2,193,4721,9472,49.8416,1234
mine,ML-KEM-768,2,194,4692,9472,49.5355,1234
mine,ML-KEM-768,2,195,4753,9472,50.1795,1234
mine,ML-KEM-768,2,196,4661,9472,49.2082,1234
mine,ML-KEM-768,2,197,4676,9472,49.3666,1234
mine,ML-KEM-768,2,198,4739,9472,50.0317,1234
mine,ML-KEM-768,2,199,4727,9472,49.905,1234
mine,ML-KEM-768,2,200,4720,9472,49.8311,1234
mine,ML-KEM-768,2,201,4669,9472,49.2927,1234
mine,ML-KEM-768,2,202,4735,9472,49.9894,1234
mine,ML-KEM-768,2,203,4692,9472,49.5355,1234
mine,ML-KEM-768,2,204,4671,9472,49.3138,1234
mine,ML-KEM-768,2,205,4642,9472,49.0076,1234
mine,ML-KEM-768,2,206,4607,9472,48.6381,1234
mine,ML-KEM-768,2,207,4625,9472,48.8281,1234
mine,ML-KEM-768,2,208,4751,9472,50.1584,1234
mine,ML-KEM-768,2,209,4806,9472,50.739,1234
mine,ML-KEM-768,2,210,4688,9472,49.4932,1234
mine,ML-KEM-768,2,211,4701,9472,49.6305,1234
mine,ML-KEM-768,2,212,4656,9472,49.1554,1234
mine,ML-KEM-768,2,213,4709,9472,49.7149,1234
mine,ML-KEM-768,2,214,4705,9472,49.6727,1234
mine,ML-KEM-768,2,215,4731,9472,49.9472,1234
mine,ML-KEM-768,2,216,4689,9472,49.5038,1234
mine,ML-KEM-768,2,217,4715,9472,49.7783,1234
mine,ML-KEM-768,2,218,4614,9472,48.712,1234
mine,ML-KEM-768,2,219,4634,9472,48.9231,1234
mine,ML-KEM-768,2,220,4703,9472,49.6516,1234
mine,ML-KEM-768,2,221,4734,9472,49.9789,1234
mine,ML-KEM-768,2,222,4647,9472,49.0604,1234
mine,ML-KEM-768,2,223,4716,9472,49.7889,1234
mine,ML-KEM-768,2,224,4639,9472,48.9759,1234
mine,ML-KEM-768,2,225,4798,9472,50.6546,1234
mine,ML-KEM-768,2,226,4680,9472,49.4088,1234
mine,ML-KEM-768,2,227,4717,9472,49.7994,1234
mine,ML-KEM-768,2,228,4775,9472,50.4117,1234
mine,ML-KEM-768,2,229,4716,9472,49.7889,1234
mine,ML-KEM-768,2,230,4660,9472,49.1976,1234
mine,ML-KEM-768,2,231,4683,9472,49.4405,1234
mine,ML-KEM-768,2,232,4713,9472,49.7572,1234
mine,ML-KEM-768,2,233,4663,9472,49.2293,1234
mine,ML-KEM-768,2,234,4696,9472,49.5777,1234
mine,ML-KEM-768,2,235,4653,9472,49.1237,1234
mine,ML-KEM-768,2,236,4692,9472,49.5355,1234
mine,ML-KEM-768,2,237,4680,9472,49.4088,1234
mine,ML-KEM-768,2,238,4780,9472,50.4645,1234
mine,ML-KEM-768,2,239,4685,9472,49.4616,1234
mine,ML-KEM-768,2,240,4629,9472,48.8704,1234
mine,ML-KEM-768,2,241,4623,9472,48.807,1234
mine,ML-KEM-768,2,242,4777,9472,50.4329,1234
mine,ML-KEM-768,2,243,4733,9472,49.9683,1234
mine,ML-KEM-768,2,244,4626,9472,48.8387,1234
mine,ML-KEM-768,2,245,4701,9472,49.6305,1234
mine,ML-KEM-768,2,246,4681,9472,49.4193,1234
mine,ML-KEM-768,2,247,4761,9472,50.2639,1234
mine,ML-KEM-768,2,248,4659,9472,49.1871,1234
mine,ML-KEM-768,2,249,4557,9472,48.1102,1234
mine,ML-KEM-768,2,250,4728,9472,49.9155,1234
mine,ML-KEM-768,2,251,4665,9472,49.2504,1234
mine,ML-KEM-768,2,252,4674,9472,49.3454,1234
mine,ML-KEM-768,2,253,4692,9472,49.5355,1234
mine,ML-KEM-768,2,254,4761,9472,50.2639,1234
mine,ML-KEM-768,2,255,4686,9472,49.4721,1234
mine,ML-KEM-768,2,256,4724,9472,49.8733,1234
mine,ML-KEM-768,2,257,4801,9472,50.6862,1234
mine,ML-KEM-768,2,258,4708,9472,49.7044,1234
mine,ML-KEM-768,2,259,4557,9472,48.1102,1234
mine,ML-KEM-768,2,260,4643,9472,49.0182,1234
mine,ML-KEM-768,2,261,4698,9472,49.5988,1234
mine,ML-KEM-768,2,262,4706,9472,49.6833,1234
mine,ML-KEM-768,2,263,4677,9472,49.3771,1234
mine,ML-KEM-768,2,264,4628,9472,48.8598,1234
mine,ML-KEM-768,2,265,4674,9472,49.3454,1234
mine,ML-KEM-768,2,266,4755,9472,50.2006,1234
mine,ML-KEM-768,2,267,4733,9472,49.9683,1234
mine,ML-KEM-768,2,268,4687,9472,49.4827,1234
mine,ML-KEM-768,2,269,4626,9472,48.8387,1234
mine,ML-KEM-768,2,270,4638,9472,48.9654,1234
mine,ML-KEM-768,2,271,4589,9472,48.4481,1234
mine,ML-KEM-768,2,272,4737,9472,50.0106,1234
mine,ML-KEM-768,2,273,4713,9472,49.7572,1234
mine,ML-KEM-768,2,274,4668,9472,49.2821,1234
mine,ML-KEM-768,2,275,4659,9472,49.1871,1234
mine,ML-KEM-768,2,276,4702,9472,49.641,1234
mine,ML-KEM-768,2,277,4635,9472,48.9337,1234
mine,ML-KEM-768,2,278,4716,9472,49.7889,1234
mine,ML-KEM-768,2,279,4666,9472,49.261,1234
mine,ML-KEM-768,2,280,4609,9472,48.6592,1234
mine,ML-KEM-768,2,281,4662,9472,49.2188,1234
mine,ML-KEM-768,2,282,4700,9472,49.6199,1234
mine,ML-KEM-768,2,283,4673,9472,49.3349,1234
mine,ML-KEM-768,2,284,4666,9472,49.261,1234
mine,ML-KEM-768,2,285,4618,9472,48.7542,1234
mine,ML-KEM-768,2,286,4640,9472,48.9865,1234
mine,ML-KEM-768,2,287,4697,9472,49.5883,1234
mine,ML-KEM-768,2,288,4691,9472,49.5249,1234
mine,ML-KEM-768,2,289,4691,9472,49.5249,1234
mine,ML-KEM-768,2,290,4690,9472,49.5144,1234
mine,ML-KEM-768,2,291,4692,9472,49.5355,1234
mine,ML-KEM-768,2,292,4722,9472,49.8522,1234
mine,ML-KEM-768,2,293,4676,9472,49.3666,1234
mine,ML-KEM-768,2,294,4767,9472,50.3273,1234
mine,ML-KEM-768,2,295,4693,9472,49.546,1234
mine,ML-KEM-768,2,296,4698,9472,49.5988,1234
mine,ML-KEM-768,2,297,4700,9472,49.6199,1234
mine,ML-KEM-768,2,298,4535,9472,47.878,1234
mine,ML-KEM-768,2,299,4686,9472,49.4721,1234
mine,ML-KEM-768,2,300,4761,9472,50.2639,1234
mine,ML-KEM-768,2,301,4655,9472,49.1448,1234
mine,ML-KEM-768,2,302,4668,9472,49.2821,1234
mine,ML-KEM-768,2,303,4643,9472,49.0182,1234
mine,ML-KEM-768,2,304,4679,9472,49.3982,1234
mine,ML-KEM-768,2,305,4720,9472,49.8311,1234
mine,ML-KEM-768,2,306,4753,9472,50.1795,1234
mine,ML-KEM-768,2,307,4667,9472,49.2715,1234
mine,ML-KEM-768,2,308,4673,9472,49.3349,1234
mine,ML-KEM-768,2,309,4662,9472,49.2188,1234
mine,ML-KEM-768,2,310,4681,9472,49.4193,1234
mine,ML-KEM-768,2,311,4683,9472,49.4405,1234
mine,ML-KEM-768,2,312,4737,9472,50.0106,1234
mine,ML-KEM-768,2,313,4702,9472,49.641,1234
mine,ML-KEM-768,2,314,4646,9472,49.0498,1234
mine,ML-KEM-768,2,315,4663,9472,49.2293,1234
mine,ML-KEM-768,2,316,4737,9472,50.0106,1234
mine,ML-KEM-768,2,317,4672,9472,49.3243,1234
mine,ML-KEM-768,2,318,4653,9472,49.1237,1234
mine,ML-KEM-768,2,319,4681,9472,49.4193,1234
mine,ML-KEM-768,2,320,4701,9472,49.6305,1234
mine,ML-KEM-768,2,321,4735,9472,49.9894,1234
mine,ML-KEM-768,2,322,4800,9472,50.6757,1234
mine,ML-KEM-768,2,323,4707,9472,49.6938,1234
mine,ML-KEM-768,2,324,4653,9472,49.1237,1234
mine,ML-KEM-768,2,325,4664,9472,49.2399,1234
mine,ML-KEM-768,2,326,4725,9472,49.8839,1234
mine,ML-KEM-768,2,327,4756,9472,50.2111,1234
mine,ML-KEM-768,2,328,4661,9472,49.2082,1234
mine,ML-KEM-768,2,329,4657,9472,49.166,1234
mine,ML-KEM-768,2,330,4708,9472,49.7044,1234
mine,ML-KEM-768,2,331,4727,9472,49.905,1234
mine,ML-KEM-768,2,332,4651,9472,49.1026,1234
mine,ML-KEM-768,2,333,4619,9472,48.7648,1234
mine,ML-KEM-768,2,334,4741,9472,50.0528,1234
mine,ML-KEM-768,2,335,4707,9472,49.6938,1234
mine,ML-KEM-768,2,336,4711,9472,49.7361,1234
mine,ML-KEM-768,2,337,4712,9472,49.7466,1234
mine,ML-KEM-768,2,338,4674,9472,49.3454,1234
mine,ML-KEM-768,2,339,4702,9472,49.641,1234
mine,ML-KEM-768,2,340,4679,9472,49.3982,1234
mine,ML-KEM-768,2,341,4689,9472,49.5038,1234
mine,ML-KEM-768,2,342,4680,9472,49.4088,1234
mine,ML-KEM-768,2,343,4717,9472,49.7994,1234
mine,ML-KEM-768,2,344,4726,9472,49.8944,1234
mine,ML-KEM-768,2,345,4700,9472,49.6199,1234
mine,ML-KEM-768,2,346,4676,9472,49.3666,1234
mine,ML-KEM-768,2,347,4669,9472,49.2927,1234
mine,ML-KEM-768,2,348,4790,9472,50.5701,1234
mine,ML-KEM-768,2,349,4656,9472,49.1554,1234
mine,ML-KEM-768,2,350,4659,9472,49.1871,1234
mine,ML-KEM-768,2,351,4678,9472,49.3877,1234
mine,ML-KEM-768,2,352,4603,9472,48.5959,1234
mine,ML-KEM-768,2,353,4679,9472,49.3982,1234
mine,ML-KEM-768,2,354,4630,9472,48.8809,1234
mine,ML-KEM-768,2,355,4655,9472,49.1448,1234
mine,ML-KEM-768,2,356,4630,9472,48.8809,1234
mine,ML-KEM-768,2,357,4610,9472,48.6698,1234
mine,ML-KEM-768,2,358,4678,9472,49.3877,1234
mine,ML-KEM-768,2,359,4763,9472,50.2851,1234
mine,ML-KEM-768,2,360,4688,9472,49.4932,1234
mine,ML-KEM-768,2,361,4754,9472,50.19,1234
mine,ML-KEM-768,2,362,4727,9472,49.905,1234
mine,ML-KEM-768,2,363,4733,9472,49.9683,1234
mine,ML-KEM-768,2,364,4722,9472,49.8522,1234
mine,ML-KEM-768,2,365,4693,9472,49.546,1234
mine,ML-KEM-768,2,366,4602,9472,48.5853,1234
mine,ML-KEM-768,2,367,4627,9472,48.8492,1234
mine,ML-KEM-768,2,368,4715,9472,49.7783,1234
mine,ML-KEM-768,2,369,4727,9472,49.905,1234
mine,ML-KEM-768,2,370,4654,9472,49.1343,1234
mine,ML-KEM-768,2,371,4731,9472,49.9472,1234
mine,ML-KEM-768,2,372,4674,9472,49.3454,1234
mine,ML-KEM-768,2,373,4669,9472,49.2927,1234
mine,ML-KEM-768,2,374,4697,9472,49.5883,1234
mine,ML-KEM-768,2,375,4669,9472,49.2927,1234
mine,ML-KEM-768,2,376,4631,9472,48.8915,1234
mine,ML-KEM-768,2,377,4725,9472,49.8839,1234
mine,ML-KEM-768,2,378,4703,9472,49.6516,1234
mine,ML-KEM-768,2,379,4601,9472,48.5747,1234
mine,ML-KEM-768,2,380,4700,9472,49.6199,1234
mine,ML-KEM-768,2,381,4683,9472,49.4405,1234
mine,ML-KEM-768,2,382,4633,9472,48.9126,1234
mine,ML-KEM-768,2,383,4713,9472,49.7572,1234
mine,ML-KEM-768,2,384,4622,9472,48.7965,1234
mine,ML-KEM-768,2,385,4799,9472,50.6651,1234
mine,ML-KEM-768,2,386,4693,9472,49.546,1234
mine,ML-KEM-768,2,387,4673,9472,49.3349,1234
mine,ML-KEM-768,2,388,4662,9472,49.2188,1234
mine,ML-KEM-768,2,389,4670,9472,49.3032,1234
mine,ML-KEM-768,2,390,4629,9472,48.8704,1234
mine,ML-KEM-768,2,391,4684,9472,49.451,1234
mine,ML-KEM-768,2,392,4652,9472,49.1132,1234
mine,ML-KEM-768,2,393,4712,9472,49.7466,1234
mine,ML-KEM-768,2,394,4724,9472,49.8733,1234
mine,ML-KEM-768,2,395,4687,9472,49.4827,1234
mine,ML-KEM-768,2,396,4760,9472,50.2534,1234
mine,ML-KEM-768,2,397,4679,9472,49.3982,1234
mine,ML-KEM-768,2,398,4731,9472,49.9472,1234
mine,ML-KEM-768,2,399,4702,9472,49.641,1234
mine,ML-KEM-768,2,400,4664,9472,49.2399,1234
mine,ML-KEM-768,2,401,4581,9472,48.3636,1234
mine,ML-KEM-768,2,402,4689,9472,49.5038,1234
mine,ML-KEM-768,2,403,4694,9472,49.5566,1234
mine,ML-KEM-768,2,404,4726,9472,49.8944,1234
mine,ML-KEM-768,2,405,4632,9472,48.902,1234
mine,ML-KEM-768,2,406,4645,9472,49.0393,1234
mine,ML-KEM-768,2,407,4732,9472,49.9578,1234
mine,ML-KEM-768,2,408,4668,9472,49.2821,1234
mine,ML-KEM-768,2,409,4755,9472,50.2006,1234
mine,ML-KEM-768,2,410,4695,9472,49.5671,1234
mine,ML-KEM-768,2,411,4700,9472,49.6199,1234
mine,ML-KEM-768,2,412,4689,9472,49.5038,1234
mine,ML-KEM-768,2,413,4651,9472,49.1026,1234
mine,ML-KEM-768,2,414,4743,9472,50.0739,1234
mine,ML-KEM-768,2,415,4717,9472,49.7994,1234
mine,ML-KEM-768,2,416,4711,9472,49.7361,1234
mine,ML-KEM-768,2,417,4736,9472,50.0,1234
mine,ML-KEM-768,2,418,4667,9472,49.2715,1234
mine,ML-KEM-768,2,419,4696,9472,49.5777,1234
mine,ML-KEM-768,2,420,4684,9472,49.451,1234
mine,ML-KEM-768,2,421,4765,9472,50.3062,1234
mine,ML-KEM-768,2,422,4613,9472,48.7014,1234
mine,ML-KEM-768,2,423,4735,9472,49.9894,1234
mine,ML-KEM-768,2,424,4714,9472,49.7677,1234
mine,ML-KEM-768,2,425,4676,9472,49.3666,1234
mine,ML-KEM-768,2,426,4650,9472,49.0921,1234
mine,ML-KEM-768,2,427,4718,9472,49.81,1234
mine,ML-KEM-768,2,428,4662,9472,49.2188,1234
mine,ML-KEM-768,2,429,4676,9472,49.3666,1234
mine,ML-KEM-768,2,430,4724,9472,49.8733,1234
mine,ML-KEM-768,2,431,4764,9472,50.2956,1234
mine,ML-KEM-768,2,432,4651,9472,49.1026,1234
mine,ML-KEM-768,2,433,4691,9472,49.5249,1234
mine,ML-KEM-768,2,434,4667,9472,49.2715,1234
mine,ML-KEM-768,2,435,4605,9472,48.617,1234
mine,ML-KEM-768,2,436,4718,9472,49.81,1234
mine,ML-KEM-768,2,437,4787,9472,50.5384,1234
mine,ML-KEM-768,2,438,4731,9472,49.9472,1234
mine,ML-KEM-768,2,439,4629,9472,48.8704,1234
mine,ML-KEM-768,2,440,4667,9472,49.2715,1234
mine,ML-KEM-768,2,441,4694,9472,49.5566,1234
mine,ML-KEM-768,2,442,4642,9472,49.0076,1234
mine,ML-KEM-768,2,443,4596,9472,48.522,1234
mine,ML-KEM-768,2,444,4572,9472,48.2686,1234
mine,ML-KEM-768,2,445,4729,9472,49.9261,1234
mine,ML-KEM-768,2,446,4767,9472,50.3273,1234
mine,ML-KEM-768,2,447,4651,9472,49.1026,1234
mine,ML-KEM-768,2,448,4681,9472,49.4193,1234
mine,ML-KEM-768,2,449,4741,9472,50.0528,1234
mine,ML-KEM-768,2,450,4687,9472,49.4827,1234
mine,ML-KEM-768,2,451,4690,9472,49.5144,1234
mine,ML-KEM-768,2,452,4696,9472,49.5777,1234
mine,ML-KEM-768,2,453,4620,9472,48.7753,1234
mine,ML-KEM-768,2,454,4678,9472,49.3877,1234
mine,ML-KEM-768,2,455,4732,9472,49.9578,1234
mine,ML-KEM-768,2,456,4657,9472,49.166,1234
mine,ML-KEM-768,2,457,4676,9472,49.3666,1234
mine,ML-KEM-768,2,458,4687,9472,49.4827,1234
mine,ML-KEM-768,2,459,4762,9472,50.2745,1234
mine,ML-KEM-768,2,460,4645,9472,49.0393,1234
mine,ML-KEM-768,2,461,4770,9472,50.359,1234
mine,ML-KEM-768,2,462,4711,9472,49.7361,1234
mine,ML-KEM-768,2,463,4695,9472,49.5671,1234
mine,ML-KEM-768,2,464,4691,9472,49.5249,1234
mine,ML-KEM-768,2,465,4640,9472,48.9865,1234
mine,ML-KEM-768,2,466,4754,9472,50.19,1234
mine,ML-KEM-768,2,467,4795,9472,50.6229,1234
mine,ML-KEM-768,2,468,4721,9472,49.8416,1234
mine,ML-KEM-768,2,469,4745,9472,50.095,1234
mine,ML-KEM-768,2,470,4669,9472,49.2927,1234
mine,ML-KEM-768,2,471,4717,9472,49.7994,1234
mine,ML-KEM-768,2,472,4720,9472,49.8311,1234
mine,ML-KEM-768,2,473,4621,9472,48.7859,1234
mine,ML-KEM-768,2,474,4729,9472,49.9261,1234
mine,ML-KEM-768,2,475,4747,9472,50.1161,1234
mine,ML-KEM-768,2,476,4694,9472,49.5566,1234
mine,ML-KEM-768,2,477,4694,9472,49.5566,1234
mine,ML-KEM-768,2,478,4654,9472,49.1343,1234
mine,ML-KEM-768,2,479,4686,9472,49.4721,1234
mine,ML-KEM-768,2,480,4728,9472,49.9155,1234
mine,ML-KEM-768,2,481,4768,9472,50.3378,1234
mine,ML-KEM-768,2,482,4761,9472,50.2639,1234
mine,ML-KEM-768,2,483,4751,9472,50.1584,1234
mine,ML-KEM-768,2,484,4674,9472,49.3454,1234
mine,ML-KEM-768,2,485,4625,9472,48.8281,1234
mine,ML-KEM-768,2,486,4677,9472,49.3771,1234
mine,ML-KEM-768,2,487,4619,9472,48.7648,1234
mine,ML-KEM-768,2,488,4629,9472,48.8704,1234
mine,ML-KEM-768,2,489,4640,9472,48.9865,1234
mine,ML-KEM-768,2,490,4640,9472,48.9865,1234
mine,ML-KEM-768,2,491,4706,9472,49.6833,1234
mine,ML-KEM-768,2,492,4710,9472,49.7255,1234
mine,ML-KEM-768,2,493,4696,9472,49.5777,1234
mine,ML-KEM-768,2,494,4757,9472,50.2217,1234
mine,ML-KEM-768,2,495,4780,9472,50.4645,1234
mine,ML-KEM-768,2,496,4642,9472,49.0076,1234
mine,ML-KEM-768,2,497,4685,9472,49.4616,1234
mine,ML-KEM-768,2,498,4709,9472,49.7149,1234
mine,ML-KEM-768,2,499,4721,9472,49.8416,1234
mine,ML-KEM-768,4,0,4717,9472,49.7994,1234
mine,ML-KEM-768,4,1,4721,9472,49.8416,1234
mine,ML-KEM-768,4,2,4581,9472,48.3636,1234
mine,ML-KEM-768,4,3,4751,9472,50.1584,1234
mine,ML-KEM-768,4,4,4669,9472,49.2927,1234
mine,ML-KEM-768,4,5,4696,9472,49.5777,1234
mine,ML-KEM-768,4,6,4694,9472,49.5566,1234
mine,ML-KEM-768,4,7,4723,9472,49.8628,1234
mine,ML-KEM-768,4,8,4751,9472,50.1584,1234
mine,ML-KEM-768,4,9,4623,9472,48.807,1234
mine,ML-KEM-768,4,10,4683,9472,49.4405,1234
mine,ML-KEM-768,4,11,4774,9472,50.4012,1234
mine,ML-KEM-768,4,12,4617,9472,48.7437,1234
mine,ML-KEM-768,4,13,4777,9472,50.4329,1234
mine,ML-KEM-768,4,14,4694,9472,49.5566,1234
mine,ML-KEM-768,4,15,4699,9472,49.6094,1234
mine,ML-KEM-768,4,16,4683,9472,49.4405,1234
mine,ML-KEM-768,4,17,4628,9472,48.8598,1234
mine,ML-KEM-768,4,18,4697,9472,49.5883,1234
mine,ML-KEM-768,4,19,4683,9472,49.4405,1234
mine,ML-KEM-768,4,20,4719,9472,49.8205,1234
mine,ML-KEM-768,4,21,4701,9472,49.6305,1234
mine,ML-KEM-768,4,22,4686,9472,49.4721,1234
mine,ML-KEM-768,4,23,4701,9472,49.6305,1234
mine,ML-KEM-768,4,24,4778,9472,50.4434,1234
mine,ML-KEM-768,4,25,4700,9472,49.6199,1234
mine,ML-KEM-768,4,26,4703,9472,49.6516,1234
mine,ML-KEM-768,4,27,4656,9472,49.1554,1234
mine,ML-KEM-768,4,28,4707,9472,49.6938,1234
mine,ML-KEM-768,4,29,4762,9472,50.2745,1234
mine,ML-KEM-768,4,30,4656,9472,49.1554,1234
mine,ML-KEM-768,4,31,4713,9472,49.7572,1234
mine,ML-KEM-768,4,32,4736,9472,50.0,1234
mine,ML-KEM-768,4,33,4672,9472,49.3243,1234
mine,ML-KEM-768,4,34,4650,9472,49.0921,1234
mine,ML-KEM-768,4,35,4748,9472,50.1267,1234
mine,ML-KEM-768,4,36,4680,9472,49.4088,1234
mine,ML-KEM-768,4,37,4690,9472,49.5144,1234
mine,ML-KEM-768,4,38,4576,9472,48.3108,1234
mine,ML-KEM-768,4,39,4763,9472,50.2851,1234
mine,ML-KEM-768,4,40,4697,9472,49.5883,1234
mine,ML-KEM-768,4,41,4745,9472,50.095,1234
mine,ML-KEM-768,4,42,4662,9472,49.2188,1234
mine,ML-KEM-768,4,43,4801,9472,50.6862,1234
mine,ML-KEM-768,4,44,4703,9472,49.6516,1234
mine,ML-KEM-768,4,45,4608,9472,48.6486,1234
mine,ML-KEM-768,4,46,4808,9472,50.7601,1234
mine,ML-KEM-768,4,47,4664,9472,49.2399,1234
mine,ML-KEM-768,4,48,4766,9472,50.3167,1234
mine,ML-KEM-768,4,49,4665,9472,49.2504,1234
mine,ML-KEM-768,4,50,4688,9472,49.4932,1234
mine,ML-KEM-768,4,51,4613,9472,48.7014,1234
mine,ML-KEM-768,4,52,4679,9472,49.3982,1234
mine,ML-KEM-768,4,53,4718,9472,49.81,1234
mine,ML-KEM-768,4,54,4773,9472,50.3906,1234
mine,ML-KEM-768,4,55,4637,9472,48.9548,1234
mine,ML-KEM-768,4,56,4711,9472,49.7361,1234
mine,ML-KEM-768,4,57,4706,9472,49.6833,1234
mine,ML-KEM-768,4,58,4664,9472,49.2399,1234
mine,ML-KEM-768,4,59,4738,9472,50.0211,1234
mine,ML-KEM-768,4,60,4708,9472,49.7044,1234
mine,ML-KEM-768,4,61,4674,9472,49.3454,1234
mine,ML-KEM-768,4,62,4718,9472,49.81,1234
mine,ML-KEM-768,4,63,4606,9472,48.6275,1234
mine,ML-KEM-768,4,64,4650,9472,49.0921,1234
mine,ML-KEM-768,4,65,4614,9472,48.712,1234
mine,ML-KEM-768,4,66,4718,9472,49.81,1234
mine,ML-KEM-768,4,67,4699,9472,49.6094,1234
mine,ML-KEM-768,4,68,4617,9472,48.7437,1234
mine,ML-KEM-768,4,69,4735,9472,49.9894,1234
mine,ML-KEM-768,4,70,4632,9472,48.902,1234
mine,ML-KEM-768,4,71,4681,9472,49.4193,1234
mine,ML-KEM-768,4,72,4679,9472,49.3982,1234
mine,ML-KEM-768,4,73,4687,9472,49.4827,1234
mine,ML-KEM-768,4,74,4708,9472,49.7044,1234
mine,ML-KEM-768,4,75,4686,9472,49.4721,1234
mine,ML-KEM-768,4,76,4737,9472,50.0106,1234
mine,ML-KEM-768,4,77,4764,9472,50.2956,1234
mine,ML-KEM-768,4,78,4673,9472,49.3349,1234
mine,ML-KEM-768,4,79,4691,9472,49.5249,1234
mine,ML-KEM-768,4,80,4668,9472,49.2821,1234
mine,ML-KEM-768,4,81,4696,9472,49.5777,1234
mine,ML-KEM-768,4,82,4620,9472,48.7753,1234
mine,ML-KEM-768,4,83,4715,9472,49.7783,1234
mine,ML-KEM-768,4,84,4671,9472,49.3138,1234
mine,ML-KEM-768,4,85,4632,9472,48.902,1234
mine,ML-KEM-768,4,86,4652,9472,49.1132,1234
mine,ML-KEM-768,4,87,4701,9472,49.6305,1234
mine,ML-KEM-768,4,88,4735,9472,49.9894,1234
mine,ML-KEM-768,4,89,4729,9472,49.9261,1234
mine,ML-KEM-768,4,90,4699,9472,49.6094,1234
mine,ML-KEM-768,4,91,4689,9472,49.5038,1234
mine,ML-KEM-768,4,92,4701,9472,49.6305,1234
mine,ML-KEM-768,4,93,4646,9472,49.0498,1234
mine,ML-KEM-768,4,94,4671,9472,49.3138,1234
mine,ML-KEM-768,4,95,4724,9472,49.8733,1234
mine,ML-KEM-768,4,96,4687,9472,49.4827,1234
mine,ML-KEM-768,4,97,4628,9472,48.8598,1234
mine,ML-KEM-768,4,98,4724,9472,49.8733,1234
mine,ML-KEM-768,4,99,4731,9472,49.9472,1234
mine,ML-KEM-768,4,100,4713,9472,49.7572,1234
mine,ML-KEM-768,4,101,4665,9472,49.2504,1234
mine,ML-KEM-768,4,102,4736,9472,50.0,1234
mine,ML-KEM-768,4,103,4737,9472,50.0106,1234
mine,ML-KEM-768,4,104,4657,9472,49.166,1234
mine,ML-KEM-768,4,105,4632,9472,48.902,1234
mine,ML-KEM-768,4,106,4757,9472,50.2217,1234
mine,ML-KEM-768,4,107,4662,9472,49.2188,1234
mine,ML-KEM-768,4,108,4651,9472,49.1026,1234
mine,ML-KEM-768,4,109,4687,9472,49.4827,1234
mine,ML-KEM-768,4,110,4757,9472,50.2217,1234
mine,ML-KEM-768,4,111,4647,9472,49.0604,1234
mine,ML-KEM-768,4,112,4687,9472,49.4827,1234
mine,ML-KEM-768,4,113,4737,9472,50.0106,1234
mine,ML-KEM-768,4,114,4648,9472,49.0709,1234
mine,ML-KEM-768,4,115,4737,9472,50.0106,1234
mine,ML-KEM-768,4,116,4681,9472,49.4193,1234
mine,ML-KEM-768,4,117,4787,9472,50.5384,1234
mine,ML-KEM-768,4,118,4586,9472,48.4164,1234
mine,ML-KEM-768,4,119,4727,9472,49.905,1234
mine,ML-KEM-768,4,120,4727,9472,49.905,1234
mine,ML-KEM-768,4,121,4688,9472,49.4932,1234
mine,ML-KEM-768,4,122,4692,9472,49.5355,1234
mine,ML-KEM-768,4,123,4726,9472,49.8944,1234
mine,ML-KEM-768,4,124,4604,9472,48.6064,1234
mine,ML-KEM-768,4,125,4693,9472,49.546,1234
mine,ML-KEM-768,4,126,4651,9472,49.1026,1234
mine,ML-KEM-768,4,127,4674,9472,49.3454,1234
mine,ML-KEM-768,4,128,4678,9472,49.3877,1234
mine,ML-KEM-768,4,129,4616,9472,48.7331,1234
mine,ML-KEM-768,4,130,4651,9472,49.1026,1234
mine,ML-KEM-768,4,131,4732,9472,49.9578,1234
mine,ML-KEM-768,4,132,4604,9472,48.6064,1234
mine,ML-KEM-768,4,133,4636,9472,48.9443,1234
mine,ML-KEM-768,4,134,4733,9472,49.9683,1234
mine,ML-KEM-768,4,135,4694,9472,49.5566,1234
mine,ML-KEM-768,4,136,4665,9472,49.2504,1234
mine,ML-KEM-768,4,137,4722,9472,49.8522,1234
mine,ML-KEM-768,4,138,4624,9472,48.8176,1234
mine,ML-KEM-768,4,139,4669,9472,49.2927,1234
mine,ML-KEM-768,4,140,4650,9472,49.0921,1234
mine,ML-KEM-768,4,141,4611,9472,48.6803,1234
mine,ML-KEM-768,4,142,4643,9472,49.0182,1234
mine,ML-KEM-768,4,143,4717,9472,49.7994,1234
mine,ML-KEM-768,4,144,4790,9472,50.5701,1234
mine,ML-KEM-768,4,145,4711,9472,49.7361,1234
mine,ML-KEM-768,4,146,4654,9472,49.1343,1234
mine,ML-KEM-768,4,147,4629,9472,48.8704,1234
mine,ML-KEM-768,4,148,4760,9472,50.2534,1234
mine,ML-KEM-768,4,149,4729,9472,49.9261,1234
mine,ML-KEM-768,4,150,4640,9472,48.9865,1234
mine,ML-KEM-768,4,151,4751,9472,50.1584,1234
mine,ML-KEM-768,4,152,4699,9472,49.6094,1234
mine,ML-KEM-768,4,153,4772,9472,50.3801,1234
mine,ML-KEM-768,4,154,4705,9472,49.6727,1234
mine,ML-KEM-768,4,155,4791,9472,50.5807,1234
mine,ML-KEM-768,4,156,4706,9472,49.6833,1234
mine,ML-KEM-768,4,157,4696,9472,49.5777,1234
mine,ML-KEM-768,4,158,4685,9472,49.4616,1234
mine,ML-KEM-768,4,159,4611,9472,48.6803,1234
mine,ML-KEM-768,4,160,4710,9472,49.7255,1234
mine,ML-KEM-768,4,161,4670,9472,49.3032,1234
mine,ML-KEM-768,4,162,4697,9472,49.5883,1234
mine,ML-KEM-768,4,163,4653,9472,49.1237,1234
mine,ML-KEM-768,4,164,4710,9472,49.7255,1234
mine,ML-KEM-768,4,165,4712,9472,49.7466,1234
mine,ML-KEM-768,4,166,4707,9472,49.6938,1234
mine,ML-KEM-768,4,167,4721,9472,49.8416,1234
mine,ML-KEM-768,4,168,4650,9472,49.0921,1234
mine,ML-KEM-768,4,169,4707,9472,49.6938,1234
mine,ML-KEM-768,4,170,4731,9472,49.9472,1234
mine,ML-KEM-768,4,171,4712,9472,49.7466,1234
mine,ML-KEM-768,4,172,4704,9472,49.6622,1234
mine,ML-KEM-768,4,173,4704,9472,49.6622,1234
mine,ML-KEM-768,4,174,4667,9472,49.2715,1234
mine,ML-KEM-768,4,175,4679,9472,49.3982,1234
mine,ML-KEM-768,4,176,4641,9472,48.997,1234
mine,ML-KEM-768,4,177,4658,9472,49.1765,1234
mine,ML-KEM-768,4,178,4646,9472,49.0498,1234
mine,ML-KEM-768,4,179,4620,9472,48.7753,1234
mine,ML-KEM-768,4,180,4651,9472,49.1026,1234
mine,ML-KEM-768,4,181,4736,9472,50.0,1234
mine,ML-KEM-768,4,182,4759,9472,50.2428,1234
mine,ML-KEM-768,4,183,4632,9472,48.902,1234
mine,ML-KEM-768,4,184,4707,9472,49.6938,1234
mine,ML-KEM-768,4,185,4586,9472,48.4164,1234
mine,ML-KEM-768,4,186,4692,9472,49.5355,1234
mine,ML-KEM-768,4,187,4676,9472,49.3666,1234
mine,ML-KEM-768,4,188,4672,9472,49.3243,1234
mine,ML-KEM-768,4,189,4677,9472,49.3771,1234
mine,ML-KEM-768,4,190,4685,9472,49.4616,1234
mine,ML-KEM-768,4,191,4718,9472,49.81,1234
mine,ML-KEM-768,4,192,4708,9472,49.7044,1234
mine,ML-KEM-768,4,193,4646,9472,49.0498,1234
mine,ML-KEM-768,4,194,4728,9472,49.9155,1234
mine,ML-KEM-768,4,195,4670,9472,49.3032,1234
mine,ML-KEM-768,4,196,4688,9472,49.4932,1234
mine,ML-KEM-768,4,197,4683,9472,49.4405,1234
mine,ML-KEM-768,4,198,4724,9472,49.8733,1234
mine,ML-KEM-768,4,199,4860,9472,51.3091,1234
mine,ML-KEM-768,4,200,4629,9472,48.8704,1234
mine,ML-KEM-768,4,201,4745,9472,50.095,1234
mine,ML-KEM-768,4,202,4791,9472,50.5807,1234
mine,ML-KEM-768,4,203,4713,9472,49.7572,1234
mine,ML-KEM-768,4,204,4711,9472,49.7361,1234
mine,ML-KEM-768,4,205,4673,9472,49.3349,1234
mine,ML-KEM-768,4,206,4786,9472,50.5279,1234
mine,ML-KEM-768,4,207,4708,9472,49.7044,1234
mine,ML-KEM-768,4,208,4799,9472,50.6651,1234
mine,ML-KEM-768,4,209,4655,9472,49.1448,1234
mine,ML-KEM-768,4,210,4731,9472,49.9472,1234
mine,ML-KEM-768,4,211,4709,9472,49.7149,1234
mine,ML-KEM-768,4,212,4700,9472,49.6199,1234
mine,ML-KEM-768,4,213,4642,9472,49.0076,1234
mine,ML-KEM-768,4,214,4596,9472,48.522,1234
mine,ML-KEM-768,4,215,4673,9472,49.3349,1234
mine,ML-KEM-768,4,216,4719,9472,49.8205,1234
mine,ML-KEM-768,4,217,4613,9472,48.7014,1234
mine,ML-KEM-768,4,218,4745,9472,50.095,1234
mine,ML-KEM-768,4,219,4732,9472,49.9578,1234
mine,ML-KEM-768,4,220,4626,9472,48.8387,1234
mine,ML-KEM-768,4,221,4680,9472,49.4088,1234
mine,ML-KEM-768,4,222,4676,9472,49.3666,1234
mine,ML-KEM-768,4,223,4695,9472,49.5671,1234
mine,ML-KEM-768,4,224,4689,9472,49.5038,1234
mine,ML-KEM-768,4,225,4599,9472,48.5536,1234
mine,ML-KEM-768,4,226,4759,9472,50.2428,1234
mine,ML-KEM-768,4,227,4580,9472,48.353,1234
mine,ML-KEM-768,4,228,4667,9472,49.2715,1234
mine,ML-KEM-768,4,229,4665,9472,49.2504,1234
mine,ML-KEM-768,4,230,4702,9472,49.641,1234
mine,ML-KEM-768,4,231,4686,9472,49.4721,1234
mine,ML-KEM-768,4,232,4708,9472,49.7044,1234
mine,ML-KEM-768,4,233,4685,9472,49.4616,1234
mine,ML-KEM-768,4,234,4732,9472,49.9578,1234
mine,ML-KEM-768,4,235,4704,9472,49.6622,1234
mine,ML-KEM-768,4,236,4724,9472,49.8733,1234
mine,ML-KEM-768,4,237,4685,9472,49.4616,1234
mine,ML-KEM-768,4,238,4698,9472,49.5988,1234
mine,ML-KEM-768,4,239,4664,9472,49.2399,1234
mine,ML-KEM-768,4,240,4700,9472,49.6199,1234
mine,ML-KEM-768,4,241,4672,9472,49.3243,1234
mine,ML-KEM-768,4,242,4653,9472,49.1237,1234
mine,ML-KEM-768,4,243,4758,9472,50.2323,1234
mine,ML-KEM-768,4,244,4744,9472,50.0845,1234
mine,ML-KEM-768,4,245,4694,9472,49.5566,1234
mine,ML-KEM-768,4,246,4715,9472,49.7783,1234
mine,ML-KEM-768,4,247,4671,9472,49.3138,1234
mine,ML-KEM-768,4,248,4819,9472,50.8763,1234
mine,ML-KEM-768,4,249,4671,9472,49.3138,1234
mine,ML-KEM-768,4,250,4666,9472,49.261,1234
mine,ML-KEM-768,4,251,4766,9472,50.3167,1234
mine,ML-KEM-768,4,252,4676,9472,49.3666,1234
mine,ML-KEM-768,4,253,4737,9472,50.0106,1234
mine,ML-KEM-768,4,254,4628,9472,48.8598,1234
mine,ML-KEM-768,4,255,4617,9472,48.7437,1234
mine,ML-KEM-768,4,256,4633,9472,48.9126,1234
mine,ML-KEM-768,4,257,4730,9472,49.9367,1234
mine,ML-KEM-768,4,258,4686,9472,49.4721,1234
mine,ML-KEM-768,4,259,4732,9472,49.9578,1234
mine,ML-KEM-768,4,260,4645,9472,49.0393,1234
mine,ML-KEM-768,4,261,4664,9472,49.2399,1234
mine,ML-KEM-768,4,262,4721,9472,49.8416,1234
mine,ML-KEM-768,4,263,4734,9472,49.9789,1234
mine,ML-KEM-768,4,264,4610,9472,48.6698,1234
mine,ML-KEM-768,4,265,4736,9472,50.0,1234
mine,ML-KEM-768,4,266,4539,9472,47.9202,1234
mine,ML-KEM-768,4,267,4686,9472,49.4721,1234
mine,ML-KEM-768,4,268,4692,9472,49.5355,1234
mine,ML-KEM-768,4,269,4750,9472,50.1478,1234
mine,ML-KEM-768,4,270,4589,9472,48.4481,1234
mine,ML-KEM-768,4,271,4700,9472,49.6199,1234
mine,ML-KEM-768,4,272,4665,9472,49.2504,1234
mine,ML-KEM-768,4,273,4648,9472,49.0709,1234
mine,ML-KEM-768,4,274,4743,9472,50.0739,1234
mine,ML-KEM-768,4,275,4631,9472,48.8915,1234
mine,ML-KEM-768,4,276,4647,9472,49.0604,1234
mine,ML-KEM-768,4,277,4801,9472,50.6862,1234
mine,ML-KEM-768,4,278,4680,9472,49.4088,1234
mine,ML-KEM-768,4,279,4729,9472,49.9261,1234
mine,ML-KEM-768,4,280,4620,9472,48.7753,1234
mine,ML-KEM-768,4,281,4742,9472,50.0633,1234
mine,ML-KEM-768,4,282,4746,9472,50.1056,1234
mine,ML-KEM-768,4,283,4653,9472,49.1237,1234
mine,ML-KEM-768,4,284,4649,9472,49.0815,1234
mine,ML-KEM-768,4,285,4684,9472,49.451,1234
mine,ML-KEM-768,4,286,4608,9472,48.6486,1234
mine,ML-KEM-768,4,287,4762,9472,50.2745,1234
mine,ML-KEM-768,4,288,4639,9472,48.9759,1234
mine,ML-KEM-768,4,289,4753,9472,50.1795,1234
mine,ML-KEM-768,4,290,4744,9472,50.0845,1234
mine,ML-KEM-768,4,291,4739,9472,50.0317,1234
mine,ML-KEM-768,4,292,4658,9472,49.1765,1234
mine,ML-KEM-768,4,293,4628,9472,48.8598,1234
mine,ML-KEM-768,4,294,4730,9472,49.9367,1234
mine,ML-KEM-768,4,295,4703,9472,49.6516,1234
mine,ML-KEM-768,4,296,4647,9472,49.0604,1234
mine,ML-KEM-768,4,297,4672,9472,49.3243,1234
mine,ML-KEM-768,4,298,4758,9472,50.2323,1234
mine,ML-KEM-768,4,299,4683,9472,49.4405,1234
mine,ML-KEM-768,4,300,4708,9472,49.7044,1234
mine,ML-KEM-768,4,301,4649,9472,49.0815,1234
mine,ML-KEM-768,4,302,4796,9472,50.6334,1234
mine,ML-KEM-768,4,303,4609,9472,48.6592,1234
mine,ML-KEM-768,4,304,4681,9472,49.4193,1234
mine,ML-KEM-768,4,305,4644,9472,49.0287,1234
mine,ML-KEM-768,4,306,4693,9472,49.546,1234
mine,ML-KEM-768,4,307,4700,9472,49.6199,1234
mine,ML-KEM-768,4,308,4704,9472,49.6622,1234
mine,ML-KEM-768,4,309,4554,9472,48.0785,1234
mine,ML-KEM-768,4,310,4669,9472,49.2927,1234
mine,ML-KEM-768,4,311,4695,9472,49.5671,1234
mine,ML-KEM-768,4,312,4653,9472,49.1237,1234
mine,ML-KEM-768,4,313,4714,9472,49.7677,1234
mine,ML-KEM-768,4,314,4702,9472,49.641,1234
mine,ML-KEM-768,4,315,4572,9472,48.2686,1234
mine,ML-KEM-768,4,316,4677,9472,49.3771,1234
mine,ML-KEM-768,4,317,4726,9472,49.8944,1234
mine,ML-KEM-768,4,318,4696,9472,49.5777,1234
mine,ML-KEM-768,4,319,4690,9472,49.5144,1234
mine,ML-KEM-768,4,320,4644,9472,49.0287,1234
mine,ML-KEM-768,4,321,4605,9472,48.617,1234
mine,ML-KEM-768,4,322,4711,9472,49.7361,1234
mine,ML-KEM-768,4,323,4681,9472,49.4193,1234
mine,ML-KEM-768,4,324,4689,9472,49.5038,1234
mine,ML-KEM-768,4,325,4785,9472,50.5173,1234
mine,ML-KEM-768,4,326,4673,9472,49.3349,1234
mine,ML-KEM-768,4,327,4665,9472,49.2504,1234
mine,ML-KEM-768,4,328,4752,9472,50.1689,1234
mine,ML-KEM-768,4,329,4707,9472,49.6938,1234
mine,ML-KEM-768,4,330,4683,9472,49.4405,1234
mine,ML-KEM-768,4,331,4650,9472,49.0921,1234
mine,ML-KEM-768,4,332,4659,9472,49.1871,1234
mine,ML-KEM-768,4,333,4724,9472,49.8733,1234
mine,ML-KEM-768,4,334,4723,9472,49.8628,1234
mine,ML-KEM-768,4,335,4688,9472,49.4932,1234
mine,ML-KEM-768,4,336,4804,9472,50.7179,1234
mine,ML-KEM-768,4,337,4668,9472,49.2821,1234
mine,ML-KEM-768,4,338,4685,9472,49.4616,1234
mine,ML-KEM-768,4,339,4719,9472,49.8205,1234
mine,ML-KEM-768,4,340,4698,9472,49.5988,1234
mine,ML-KEM-768,4,341,4673,9472,49.3349,1234
mine,ML-KEM-768,4,342,4734,9472,49.9789,1234
mine,ML-KEM-768,4,343,4700,9472,49.6199,1234
mine,ML-KEM-768,4,344,4700,9472,49.6199,1234
mine,ML-KEM-768,4,345,4629,9472,48.8704,1234
mine,ML-KEM-768,4,346,4732,9472,49.9578,1234
mine,ML-KEM-768,4,347,4750,9472,50.1478,1234
mine,ML-KEM-768,4,348,4598,9472,48.5431,1234
mine,ML-KEM-768,4,349,4687,9472,49.4827,1234
mine,ML-KEM-768,4,350,4653,9472,49.1237,1234
mine,ML-KEM-768,4,351,4596,9472,48.522,1234
mine,ML-KEM-768,4,352,4681,9472,49.4193,1234
mine,ML-KEM-768,4,353,4699,9472,49.6094,1234
mine,ML-KEM-768,4,354,4763,9472,50.2851,1234
mine,ML-KEM-768,4,355,4587,9472,48.4269,1234
mine,ML-KEM-768,4,356,4660,9472,49.1976,1234
mine,ML-KEM-768,4,357,4681,9472,49.4193,1234
mine,ML-KEM-768,4,358,4684,9472,49.451,1234
mine,ML-KEM-768,4,359,4698,9472,49.5988,1234
mine,ML-KEM-768,4,360,4697,9472,49.5883,1234
mine,ML-KEM-768,4,361,4724,9472,49.8733,1234
mine,ML-KEM-768,4,362,4685,9472,49.4616,1234
mine,ML-KEM-768,4,363,4625,9472,48.8281,1234
mine,ML-KEM-768,4,364,4703,9472,49.6516,1234
mine,ML-KEM-768,4,365,4701,9472,49.6305,1234
mine,ML-KEM-768,4,366,4770,9472,50.359,1234
mine,ML-KEM-768,4,367,4669,9472,49.2927,1234
mine,ML-KEM-768,4,368,4700,9472,49.6199,1234
mine,ML-KEM-768,4,369,4617,9472,48.7437,1234
mine,ML-KEM-768,4,370,4759,9472,50.2428,1234
mine,ML-KEM-768,4,371,4720,9472,49.8311,1234
mine,ML-KEM-768,4,372,4687,9472,49.4827,1234
mine,ML-KEM-768,4,373,4683,9472,49.4405,1234
mine,ML-KEM-768,4,374,4691,9472,49.5249,1234
mine,ML-KEM-768,4,375,4685,9472,49.4616,1234
mine,ML-KEM-768,4,376,4696,9472,49.5777,1234
mine,ML-KEM-768,4,377,4674,9472,49.3454,1234
mine,ML-KEM-768,4,378,4754,9472,50.19,1234
mine,ML-KEM-768,4,379,4627,9472,48.8492,1234
mine,ML-KEM-768,4,380,4596,9472,48.522,1234
mine,ML-KEM-768,4,381,4702,9472,49.641,1234
mine,ML-KEM-768,4,382,4609,9472,48.6592,1234
mine,ML-KEM-768,4,383,4662,9472,49.2188,1234
mine,ML-KEM-768,4,384,4696,9472,49.5777,1234
mine,ML-KEM-768,4,385,4689,9472,49.5038,1234
mine,ML-KEM-768,4,386,4774,9472,50.4012,1234
mine,ML-KEM-768,4,387,4640,9472,48.9865,1234
mine,ML-KEM-768,4,388,4703,9472,49.6516,1234
mine,ML-KEM-768,4,389,4696,9472,49.5777,1234
mine,ML-KEM-768,4,390,4703,9472,49.6516,1234
mine,ML-KEM-768,4,391,4765,9472,50.3062,1234
mine,ML-KEM-768,4,392,4697,9472,49.5883,1234
mine,ML-KEM-768,4,393,4602,9472,48.5853,1234
mine,ML-KEM-768,4,394,4720,9472,49.8311,1234
mine,ML-KEM-768,4,395,4695,9472,49.5671,1234
mine,ML-KEM-768,4,396,4681,9472,49.4193,1234
mine,ML-KEM-768,4,397,4678,9472,49.3877,1234
mine,ML-KEM-768,4,398,4655,9472,49.1448,1234
mine,ML-KEM-768,4,399,4645,9472,49.0393,1234
mine,ML-KEM-768,4,400,4676,9472,49.3666,1234
mine,ML-KEM-768,4,401,4721,9472,49.8416,1234
mine,ML-KEM-768,4,402,4784,9472,50.5068,1234
mine,ML-KEM-768,4,403,4635,9472,48.9337,1234
mine,ML-KEM-768,4,404,4681,9472,49.4193,1234
mine,ML-KEM-768,4,405,4723,9472,49.8628,1234
mine,ML-KEM-768,4,406,4657,9472,49.166,1234
mine,ML-KEM-768,4,407,4719,9472,49.8205,1234
mine,ML-KEM-768,4,408,4735,9472,49.9894,1234
mine,ML-KEM-768,4,409,4720,9472,49.8311,1234
mine,ML-KEM-768,4,410,4711,9472,49.7361,1234
mine,ML-KEM-768,4,411,4670,9472,49.3032,1234
mine,ML-KEM-768,4,412,4718,9472,49.81,1234
mine,ML-KEM-768,4,413,4789,9472,50.5595,1234
mine,ML-KEM-768,4,414,4686,9472,49.4721,1234
mine,ML-KEM-768,4,415,4720,9472,49.8311,1234
mine,ML-KEM-768,4,416,4666,9472,49.261,1234
mine,ML-KEM-768,4,417,4701,9472,49.6305,1234
mine,ML-KEM-768,4,418,4661,9472,49.2082,1234
mine,ML-KEM-768,4,419,4721,9472,49.8416,1234
mine,ML-KEM-768,4,420,4691,9472,49.5249,1234
mine,ML-KEM-768,4,421,4704,9472,49.6622,1234
mine,ML-KEM-768,4,422,4721,9472,49.8416,1234
mine,ML-KEM-768,4,423,4748,9472,50.1267,1234
mine,ML-KEM-768,4,424,4740,9472,50.0422,1234
mine,ML-KEM-768,4,425,4631,9472,48.8915,1234
mine,ML-KEM-768,4,426,4666,9472,49.261,1234
mine,ML-KEM-768,4,427,4743,9472,50.0739,1234
mine,ML-KEM-768,4,428,4695,9472,49.5671,1234
mine,ML-KEM-768,4,429,4718,9472,49.81,1234
mine,ML-KEM-768,4,430,4687,9472,49.4827,1234
mine,ML-KEM-768,4,431,4675,9472,49.356,1234
mine,ML-KEM-768,4,432,4670,9472,49.3032,1234
mine,ML-KEM-768,4,433,4724,9472,49.8733,1234
mine,ML-KEM-768,4,434,4724,9472,49.8733,1234
mine,ML-KEM-768,4,435,4650,9472,49.0921,1234
mine,ML-KEM-768,4,436,4686,9472,49.4721,1234
mine,ML-KEM-768,4,437,4684,9472,49.451,1234
mine,ML-KEM-768,4,438,4760,9472,50.2534,1234
mine,ML-KEM-768,4,439,4756,9472,50.2111,1234
mine,ML-KEM-768,4,440,4647,9472,49.0604,1234
mine,ML-KEM-768,4,441,4724,9472,49.8733,1234
mine,ML-KEM-768,4,442,4705,9472,49.6727,1234
mine,ML-KEM-768,4,443,4616,9472,48.7331,1234
mine,ML-KEM-768,4,444,4678,9472,49.3877,1234
mine,ML-KEM-768,4,445,4680,9472,49.4088,1234
mine,ML-KEM-768,4,446,4744,9472,50.0845,1234
mine,ML-KEM-768,4,447,4765,9472,50.3062,1234
mine,ML-KEM-768,4,448,4721,9472,49.8416,1234
mine,ML-KEM-768,4,449,4615,9472,48.7226,1234
mine,ML-KEM-768,4,450,4666,9472,49.261,1234
mine,ML-KEM-768,4,451,4671,9472,49.3138,1234
mine,ML-KEM-768,4,452,4697,9472,49.5883,1234
mine,ML-KEM-768,4,453,4729,9472,49.9261,1234
mine,ML-KEM-768,4,454,4781,9472,50.4751,1234
mine,ML-KEM-768,4,455,4604,9472,48.6064,1234
mine,ML-KEM-768,4,456,4726,9472,49.8944,1234
mine,ML-KEM-768,4,457,4673,9472,49.3349,1234
mine,ML-KEM-768,4,458,4749,9472,50.1372,1234
mine,ML-KEM-768,4,459,4693,9472,49.546,1234
mine,ML-KEM-768,4,460,4659,9472,49.1871,1234
mine,ML-KEM-768,4,461,4769,9472,50.3484,1234
mine,ML-KEM-768,4,462,4672,9472,49.3243,1234
mine,ML-KEM-768,4,463,4743,9472,50.0739,1234
mine,ML-KEM-768,4,464,4605,9472,48.617,1234
mine,ML-KEM-768,4,465,4757,9472,50.2217,1234
mine,ML-KEM-768,4,466,4687,9472,49.4827,1234
mine,ML-KEM-768,4,467,4748,9472,50.1267,1234
mine,ML-KEM-768,4,468,4744,9472,50.0845,1234
mine,ML-KEM-768,4,469,4738,9472,50.0211,1234
mine,ML-KEM-768,4,470,4646,9472,49.0498,1234
mine,ML-KEM-768,4,471,4724,9472,49.8733,1234
mine,ML-KEM-768,4,472,4808,9472,50.7601,1234
mine,ML-KEM-768,4,473,4737,9472,50.0106,1234
mine,ML-KEM-768,4,474,4651,9472,49.1026,1234
mine,ML-KEM-768,4,475,4629,9472,48.8704,1234
mine,ML-KEM-768,4,476,4713,9472,49.7572,1234
mine,ML-KEM-768,4,477,4695,9472,49.5671,1234
mine,ML-KEM-768,4,478,4714,9472,49.7677,1234
mine,ML-KEM-768,4,479,4792,9472,50.5912,1234
mine,ML-KEM-768,4,480,4747,9472,50.1161,1234
mine,ML-KEM-768,4,481,4705,9472,49.6727,1234
mine,ML-KEM-768,4,482,4712,9472,49.7466,1234
mine,ML-KEM-768,4,483,4718,9472,49.81,1234
mine,ML-KEM-768,4,484,4732,9472,49.9578,1234
mine,ML-KEM-768,4,485,4735,9472,49.9894,1234
mine,ML-KEM-768,4,486,4680,9472,49.4088,1234
mine,ML-KEM-768,4,487,4684,9472,49.451,1234
mine,ML-KEM-768,4,488,4655,9472,49.1448,1234
mine,ML-KEM-768,4,489,4651,9472,49.1026,1234
mine,ML-KEM-768,4,490,4737,9472,50.0106,1234
mine,ML-KEM-768,4,491,4659,9472,49.1871,1234
mine,ML-KEM-768,4,492,4651,9472,49.1026,1234
mine,ML-KEM-768,4,493,4672,9472,49.3243,1234
mine,ML-KEM-768,4,494,4650,9472,49.0921,1234
mine,ML-KEM-768,4,495,4719,9472,49.8205,1234
mine,ML-KEM-768,4,496,4688,9472,49.4932,1234
mine,ML-KEM-768,4,497,4768,9472,50.3378,1234
mine,ML-KEM-768,4,498,4752,9472,50.1689,1234
mine,ML-KEM-768,4,499,4800,9472,50.6757,1234
mine,ML-KEM-768,16,0,4686,9472,49.4721,1234
mine,ML-KEM-768,16,1,4653,9472,49.1237,1234
mine,ML-KEM-768,16,2,4681,9472,49.4193,1234
mine,ML-KEM-768,16,3,4680,9472,49.4088,1234
mine,ML-KEM-768,16,4,4846,9472,51.1613,1234
mine,ML-KEM-768,16,5,4766,9472,50.3167,1234
mine,ML-KEM-768,16,6,4739,9472,50.0317,1234
mine,ML-KEM-768,16,7,4731,9472,49.9472,1234
mine,ML-KEM-768,16,8,4663,9472,49.2293,1234
mine,ML-KEM-768,16,9,4706,9472,49.6833,1234
mine,ML-KEM-768,16,10,4659,9472,49.1871,1234
mine,ML-KEM-768,16,11,4723,9472,49.8628,1234
mine,ML-KEM-768,16,12,4597,9472,48.5325,1234
mine,ML-KEM-768,16,13,4638,9472,48.9654,1234
mine,ML-KEM-768,16,14,4612,9472,48.6909,1234
mine,ML-KEM-768,16,15,4629,9472,48.8704,1234
mine,ML-KEM-768,16,16,4636,9472,48.9443,1234
mine,ML-KEM-768,16,17,4659,9472,49.1871,1234
mine,ML-KEM-768,16,18,4703,9472,49.6516,1234
mine,ML-KEM-768,16,19,4753,9472,50.1795,1234
mine,ML-KEM-768,16,20,4817,9472,50.8552,1234
mine,ML-KEM-768,16,21,4648,9472,49.0709,1234
mine,ML-KEM-768,16,22,4595,9472,48.5114,1234
mine,ML-KEM-768,16,23,4733,9472,49.9683,1234
mine,ML-KEM-768,16,24,4651,9472,49.1026,1234
mine,ML-KEM-768,16,25,4655,9472,49.1448,1234
mine,ML-KEM-768,16,26,4669,9472,49.2927,1234
mine,ML-KEM-768,16,27,4725,9472,49.8839,1234
mine,ML-KEM-768,16,28,4771,9472,50.3695,1234
mine,ML-KEM-768,16,29,4608,9472,48.6486,1234
mine,ML-KEM-768,16,30,4680,9472,49.4088,1234
mine,ML-KEM-768,16,31,4723,9472,49.8628,1234
mine,ML-KEM-768,16,32,4664,9472,49.2399,1234
mine,ML-KEM-768,16,33,4694,9472,49.5566,1234
mine,ML-KEM-768,16,34,4712,9472,49.7466,1234
mine,ML-KEM-768,16,35,4650,9472,49.0921,1234
mine,ML-KEM-768,16,36,4686,9472,49.4721,1234
mine,ML-KEM-768,16,37,4654,9472,49.1343,1234
mine,ML-KEM-768,16,38,4687,9472,49.4827,1234
mine,ML-KEM-768,16,39,4634,9472,48.9231,1234
mine,ML-KEM-768,16,40,4785,9472,50.5173,1234
mine,ML-KEM-768,16,41,4673,9472,49.3349,1234
mine,ML-KEM-768,16,42,4700,9472,49.6199,1234
mine,ML-KEM-768,16,43,4765,9472,50.3062,1234
mine,ML-KEM-768,16,44,4752,9472,50.1689,1234
mine,ML-KEM-768,16,45,4706,9472,49.6833,1234
mine,ML-KEM-768,16,46,4753,9472,50.1795,1234
mine,ML-KEM-768,16,47,4793,9472,50.6018,1234
mine,ML-KEM-768,16,48,4780,9472,50.4645,1234
mine,ML-KEM-768,16,49,4617,9472,48.7437,1234
mine,ML-KEM-768,16,50,4762,9472,50.2745,1234
mine,ML-KEM-768,16,51,4631,9472,48.8915,1234
mine,ML-KEM-768,16,52,4710,9472,49.7255,1234
mine,ML-KEM-768,16,53,4617,9472,48.7437,1234
mine,ML-KEM-768,16,54,4751,9472,50.1584,1234
mine,ML-KEM-768,16,55,4740,9472,50.0422,1234
mine,ML-KEM-768,16,56,4719,9472,49.8205,1234
mine,ML-KEM-768,16,57,4709,9472,49.7149,1234
mine,ML-KEM-768,16,58,4639,9472,48.9759,1234
mine,ML-KEM-768,16,59,4627,9472,48.8492,1234
mine,ML-KEM-768,16,60,4753,9472,50.1795,1234
mine,ML-KEM-768,16,61,4656,9472,49.1554,1234
mine,ML-KEM-768,16,62,4721,9472,49.8416,1234
mine,ML-KEM-768,16,63,4667,9472,49.2715,1234
mine,ML-KEM-768,16,64,4690,9472,49.5144,1234
mine,ML-KEM-768,16,65,4662,9472,49.2188,1234
mine,ML-KEM-768,16,66,4706,9472,49.6833,1234
mine,ML-KEM-768,16,67,4625,9472,48.8281,1234
mine,ML-KEM-768,16,68,4692,9472,49.5355,1234
mine,ML-KEM-768,16,69,4660,9472,49.1976,1234
mine,ML-KEM-768,16,70,4728,9472,49.9155,1234
mine,ML-KEM-768,16,71,4722,9472,49.8522,1234
mine,ML-KEM-768,16,72,4603,9472,48.5959,1234
mine,ML-KEM-768,16,73,4622,9472,48.7965,1234
mine,ML-KEM-768,16,74,4624,9472,48.8176,1234
mine,ML-KEM-768,16,75,4642,9472,49.0076,1234
mine,ML-KEM-768,16,76,4660,9472,49.1976,1234
mine,ML-KEM-768,16,77,4676,9472,49.3666,1234
mine,ML-KEM-768,16,78,4702,9472,49.641,1234
mine,ML-KEM-768,16,79,4746,9472,50.1056,1234
mine,ML-KEM-768,16,80,4712,9472,49.7466,1234
mine,ML-KEM-768,16,81,4639,9472,48.9759,1234
mine,ML-KEM-768,16,82,4658,9472,49.1765,1234
mine,ML-KEM-768,16,83,4676,9472,49.3666,1234
mine,ML-KEM-768,16,84,4675,9472,49.356,1234
mine,ML-KEM-768,16,85,4747,9472,50.1161,1234
mine,ML-KEM-768,16,86,4624,9472,48.8176,1234
mine,ML-KEM-768,16,87,4667,9472,49.2715,1234
mine,ML-KEM-768,16,88,4719,9472,49.8205,1234
mine,ML-KEM-768,16,89,4695,9472,49.5671,1234
mine,ML-KEM-768,16,90,4674,9472,49.3454,1234
mine,ML-KEM-768,16,91,4637,9472,48.9548,1234
mine,ML-KEM-768,16,92,4678,9472,49.3877,1234
mine,ML-KEM-768,16,93,4692,9472,49.5355,1234
mine,ML-KEM-768,16,94,4641,9472,48.997,1234
mine,ML-KEM-768,16,95,4706,9472,49.6833,1234
mine,ML-KEM-768,16,96,4647,9472,49.0604,1234
mine,ML-KEM-768,16,97,4734,9472,49.9789,1234
mine,ML-KEM-768,16,98,4667,9472,49.2715,1234
mine,ML-KEM-768,16,99,4731,9472,49.9472,1234
mine,ML-KEM-768,16,100,4677,9472,49.3771,1234
mine,ML-KEM-768,16,101,4631,9472,48.8915,1234
mine,ML-KEM-768,16,102,4686,9472,49.4721,1234
mine,ML-KEM-768,16,103,4744,9472,50.0845,1234
mine,ML-KEM-768,16,104,4648,9472,49.0709,1234
mine,ML-KEM-768,16,105,4593,9472,48.4903,1234
mine,ML-KEM-768,16,106,4706,9472,49.6833,1234
mine,ML-KEM-768,16,107,4660,9472,49.1976,1234
mine,ML-KEM-768,16,108,4711,9472,49.7361,1234
mine,ML-KEM-768,16,109,4737,9472,50.0106,1234
mine,ML-KEM-768,16,110,4705,9472,49.6727,1234
mine,ML-KEM-768,16,111,4636,9472,48.9443,1234
mine,ML-KEM-768,16,112,4730,9472,49.9367,1234
mine,ML-KEM-768,16,113,4667,9472,49.2715,1234
mine,ML-KEM-768,16,114,4684,9472,49.451,1234
mine,ML-KEM-768,16,115,4725,9472,49.8839,1234
mine,ML-KEM-768,16,116,4630,9472,48.8809,1234
mine,ML-KEM-768,16,117,4714,9472,49.7677,1234
mine,ML-KEM-768,16,118,4676,9472,49.3666,1234
mine,ML-KEM-768,16,119,4739,9472,50.0317,1234
mine,ML-KEM-768,16,120,4744,9472,50.0845,1234
mine,ML-KEM-768,16,121,4745,9472,50.095,1234
mine,ML-KEM-768,16,122,4797,9472,50.644,1234
mine,ML-KEM-768,16,123,4661,9472,49.2082,1234
mine,ML-KEM-768,16,124,4720,9472,49.8311,1234
mine,ML-KEM-768,16,125,4705,9472,49.6727,1234
mine,ML-KEM-768,16,126,4637,9472,48.9548,1234
mine,ML-KEM-768,16,127,4668,9472,49.2821,1234
mine,ML-KEM-768,16,128,4652,9472,49.1132,1234
mine,ML-KEM-768,16,129,4697,9472,49.5883,1234
mine,ML-KEM-768,16,130,4780,9472,50.4645,1234
mine,ML-KEM-768,16,131,4737,9472,50.0106,1234
mine,ML-KEM-768,16,132,4644,9472,49.0287,1234
mine,ML-KEM-768,16,133,4715,9472,49.7783,1234
mine,ML-KEM-768,16,134,4677,9472,49.3771,1234
mine,ML-KEM-768,16,135,4638,9472,48.9654,1234
mine,ML-KEM-768,16,136,4661,9472,49.2082,1234
mine,ML-KEM-768,16,137,4620,9472,48.7753,1234
mine,ML-KEM-768,16,138,4781,9472,50.4751,1234
mine,ML-KEM-768,16,139,4718,9472,49.81,1234
mine,ML-KEM-768,16,140,4675,9472,49.356,1234
mine,ML-KEM-768,16,141,4635,9472,48.9337,1234
mine,ML-KEM-768,16,142,4622,9472,48.7965,1234
mine,ML-KEM-768,16,143,4754,9472,50.19,1234
mine,ML-KEM-768,16,144,4673,9472,49.3349,1234
mine,ML-KEM-768,16,145,4716,9472,49.7889,1234
mine,ML-KEM-768,16,146,4717,9472,49.7994,1234
mine,ML-KEM-768,16,147,4734,9472,49.9789,1234
mine,ML-KEM-768,16,148,4740,9472,50.0422,1234
mine,ML-KEM-768,16,149,4789,9472,50.5595,1234
mine,ML-KEM-768,16,150,4624,9472,48.8176,1234
mine,ML-KEM-768,16,151,4602,9472,48.5853,1234
mine,ML-KEM-768,16,152,4741,9472,50.0528,1234
mine,ML-KEM-768,16,153,4697,9472,49.5883,1234
mine,ML-KEM-768,16,154,4615,9472,48.7226,1234
mine,ML-KEM-768,16,155,4693,9472,49.546,1234
mine,ML-KEM-768,16,156,4673,9472,49.3349,1234
mine,ML-KEM-768,16,157,4806,9472,50.739,1234
mine,ML-KEM-768,16,158,4644,9472,49.0287,1234
mine,ML-KEM-768,16,159,4610,9472,48.6698,1234
mine,ML-KEM-768,16,160,4560,9472,48.1419,1234
mine,ML-KEM-768,16,161,4781,9472,50.4751,1234
mine,ML-KEM-768,16,162,4663,9472,49.2293,1234
mine,ML-KEM-768,16,163,4628,9472,48.8598,1234
mine,ML-KEM-768,16,164,4796,9472,50.6334,1234
mine,ML-KEM-768,16,165,4720,9472,49.8311,1234
mine,ML-KEM-768,16,166,4669,9472,49.2927,1234
mine,ML-KEM-768,16,167,4729,9472,49.9261,1234
mine,ML-KEM-768,16,168,4754,9472,50.19,1234
mine,ML-KEM-768,16,169,4708,9472,49.7044,1234
mine,ML-KEM-768,16,170,4524,9472,47.7618,1234
mine,ML-KEM-768,16,171,4743,9472,50.0739,1234
mine,ML-KEM-768,16,172,4679,9472,49.3982,1234
mine,ML-KEM-768,16,173,4683,9472,49.4405,1234
mine,ML-KEM-768,16,174,4678,9472,49.3877,1234
mine,ML-KEM-768,16,175,4774,9472,50.4012,1234
mine,ML-KEM-768,16,176,4736,9472,50.0,1234
mine,ML-KEM-768,16,177,4651,9472,49.1026,1234
mine,ML-KEM-768,16,178,4679,9472,49.3982,1234
mine,ML-KEM-768,16,179,4748,9472,50.1267,1234
mine,ML-KEM-768,16,180,4662,9472,49.2188,1234
mine,ML-KEM-768,16,181,4658,9472,49.1765,1234
mine,ML-KEM-768,16,182,4806,9472,50.739,1234
mine,ML-KEM-768,16,183,4734,9472,49.9789,1234
mine,ML-KEM-768,16,184,4630,9472,48.8809,1234
mine,ML-KEM-768,16,185,4641,9472,48.997,1234
mine,ML-KEM-768,16,186,4750,9472,50.1478,1234
mine,ML-KEM-768,16,187,4655,9472,49.1448,1234
mine,ML-KEM-768,16,188,4675,9472,49.356,1234
mine,ML-KEM-768,16,189,4658,9472,49.1765,1234
mine,ML-KEM-768,16,190,4746,9472,50.1056,1234
mine,ML-KEM-768,16,191,4694,9472,49.5566,1234
mine,ML-KEM-768,16,192,4759,9472,50.2428,1234
mine,ML-KEM-768,16,193,4600,9472,48.5642,1234
mine,ML-KEM-768,16,194,4713,9472,49.7572,1234
mine,ML-KEM-768,16,195,4707,9472,49.6938,1234
mine,ML-KEM-768,16,196,4759,9472,50.2428,1234
mine,ML-KEM-768,16,197,4804,9472,50.7179,1234
mine,ML-KEM-768,16,198,4652,9472,49.1132,1234
mine,ML-KEM-768,16,199,4698,9472,49.5988,1234
mine,ML-KEM-768,16,200,4684,9472,49.451,1234
mine,ML-KEM-768,16,201,4704,9472,49.6622,1234
mine,ML-KEM-768,16,202,4632,9472,48.902,1234
mine,ML-KEM-768,16,203,4589,9472,48.4481,1234
mine,ML-KEM-768,16,204,4709,9472,49.7149,1234
mine,ML-KEM-768,16,205,4727,9472,49.905,1234
mine,ML-KEM-768,16,206,4670,9472,49.3032,1234
mine,ML-KEM-768,16,207,4728,9472,49.9155,1234
mine,ML-KEM-768,16,208,4781,9472,50.4751,1234
mine,ML-KEM-768,16,209,4754,9472,50.19,1234
mine,ML-KEM-768,16,210,4737,9472,50.0106,1234
mine,ML-KEM-768,16,211,4721,9472,49.8416,1234
mine,ML-KEM-768,16,212,4683,9472,49.4405,1234
mine,ML-KEM-768,16,213,4664,9472,49.2399,1234
mine,ML-KEM-768,16,214,4705,9472,49.6727,1234
mine,ML-KEM-768,16,215,4657,9472,49.166,1234
mine,ML-KEM-768,16,216,4660,9472,49.1976,1234
mine,ML-KEM-768,16,217,4751,9472,50.1584,1234
mine,ML-KEM-768,16,218,4586,9472,48.4164,1234
mine,ML-KEM-768,16,219,4700,9472,49.6199,1234
mine,ML-KEM-768,16,220,4616,9472,48.7331,1234
mine,ML-KEM-768,16,221,4671,9472,49.3138,1234
mine,ML-KEM-768,16,222,4740,9472,50.0422,1234
mine,ML-KEM-768,16,223,4672,9472,49.3243,1234
mine,ML-KEM-768,16,224,4690,9472,49.5144,1234
mine,ML-KEM-768,16,225,4761,9472,50.2639,1234
mine,ML-KEM-768,16,226,4685,9472,49.4616,1234
mine,ML-KEM-768,16,227,4644,9472,49.0287,1234
mine,ML-KEM-768,16,228,4788,9472,50.549,1234
mine,ML-KEM-768,16,229,4724,9472,49.8733,1234
mine,ML-KEM-768,16,230,4749,9472,50.1372,1234
mine,ML-KEM-768,16,231,4696,9472,49.5777,1234
mine,ML-KEM-768,16,232,4642,9472,49.0076,1234
mine,ML-KEM-768,16,233,4684,9472,49.451,1234
mine,ML-KEM-768,16,234,4617,9472,48.7437,1234
mine,ML-KEM-768,16,235,4752,9472,50.1689,1234
mine,ML-KEM-768,16,236,4668,9472,49.2821,1234
mine,ML-KEM-768,16,237,4747,9472,50.1161,1234
mine,ML-KEM-768,16,238,4769,9472,50.3484,1234
mine,ML-KEM-768,16,239,4709,9472,49.7149,1234
mine,ML-KEM-768,16,240,4649,9472,49.0815,1234
mine,ML-KEM-768,16,241,4664,9472,49.2399,1234
mine,ML-KEM-768,16,242,4717,9472,49.7994,1234
mine,ML-KEM-768,16,243,4688,9472,49.4932,1234
mine,ML-KEM-768,16,244,4668,9472,49.2821,1234
mine,ML-KEM-768,16,245,4718,9472,49.81,1234
mine,ML-KEM-768,16,246,4664,9472,49.2399,1234
mine,ML-KEM-768,16,247,4757,9472,50.2217,1234
mine,ML-KEM-768,16,248,4665,9472,49.2504,1234
mine,ML-KEM-768,16,249,4590,9472,48.4586,1234
mine,ML-KEM-768,16,250,4619,9472,48.7648,1234
mine,ML-KEM-768,16,251,4770,9472,50.359,1234
mine,ML-KEM-768,16,252,4658,9472,49.1765,1234
mine,ML-KEM-768,16,253,4732,9472,49.9578,1234
mine,ML-KEM-768,16,254,4606,9472,48.6275,1234
mine,ML-KEM-768,16,255,4744,9472,50.0845,1234
mine,ML-KEM-768,16,256,4717,9472,49.7994,1234
mine,ML-KEM-768,16,257,4699,9472,49.6094,1234
mine,ML-KEM-768,16,258,4648,9472,49.0709,1234
mine,ML-KEM-768,16,259,4743,9472,50.0739,1234
mine,ML-KEM-768,16,260,4605,9472,48.617,1234
mine,ML-KEM-768,16,261,4696,9472,49.5777,1234
mine,ML-KEM-768,16,262,4736,9472,50.0,1234
mine,ML-KEM-768,16,263,4682,9472,49.4299,1234
mine,ML-KEM-768,16,264,4737,9472,50.0106,1234
mine,ML-KEM-768,16,265,4605,9472,48.617,1234
mine,ML-KEM-768,16,266,4723,9472,49.8628,1234
mine,ML-KEM-768,16,267,4632,9472,48.902,1234
mine,ML-KEM-768,16,268,4600,9472,48.5642,1234
mine,ML-KEM-768,16,269,4746,9472,50.1056,1234
mine,ML-KEM-768,16,270,4649,9472,49.0815,1234
mine,ML-KEM-768,16,271,4684,9472,49.451,1234
mine,ML-KEM-768,16,272,4627,9472,48.8492,1234
mine,ML-KEM-768,16,273,4706,9472,49.6833,1234
mine,ML-KEM-768,16,274,4671,9472,49.3138,1234
mine,ML-KEM-768,16,275,4608,9472,48.6486,1234
mine,ML-KEM-768,16,276,4564,9472,48.1841,1234
mine,ML-KEM-768,16,277,4692,9472,49.5355,1234
mine,ML-KEM-768,16,278,4690,9472,49.5144,1234
mine,ML-KEM-768,16,279,4587,9472,48.4269,1234
mine,ML-KEM-768,16,280,4534,9472,47.8674,1234
mine,ML-KEM-768,16,281,4653,9472,49.1237,1234
mine,ML-KEM-768,16,282,4781,9472,50.4751,1234
mine,ML-KEM-768,16,283,4777,9472,50.4329,1234
mine,ML-KEM-768,16,284,4729,9472,49.9261,1234
mine,ML-KEM-768,16,285,4778,9472,50.4434,1234
mine,ML-KEM-768,16,286,4768,9472,50.3378,1234
mine,ML-KEM-768,16,287,4826,9472,50.9502,1234
mine,ML-KEM-768,16,288,4691,9472,49.5249,1234
mine,ML-KEM-768,16,289,4649,9472,49.0815,1234
mine,ML-KEM-768,16,290,4683,9472,49.4405,1234
mine,ML-KEM-768,16,291,4694,9472,49.5566,1234
mine,ML-KEM-768,16,292,4705,9472,49.6727,1234
mine,ML-KEM-768,16,293,4667,9472,49.2715,1234
mine,ML-KEM-768,16,294,4607,9472,48.6381,1234
mine,ML-KEM-768,16,295,4712,9472,49.7466,1234
mine,ML-KEM-768,16,296,4676,9472,49.3666,1234
mine,ML-KEM-768,16,297,4631,9472,48.8915,1234
mine,ML-KEM-768,16,298,4591,9472,48.4692,1234
mine,ML-KEM-768,16,299,4580,9472,48.353,1234
mine,ML-KEM-768,16,300,4749,9472,50.1372,1234
mine,ML-KEM-768,16,301,4683,9472,49.4405,1234
mine,ML-KEM-768,16,302,4699,9472,49.6094,1234
mine,ML-KEM-768,16,303,4649,9472,49.0815,1234
mine,ML-KEM-768,16,304,4607,9472,48.6381,1234
mine,ML-KEM-768,16,305,4769,9472,50.3484,1234
mine,ML-KEM-768,16,306,4685,9472,49.4616,1234
mine,ML-KEM-768,16,307,4652,9472,49.1132,1234
mine,ML-KEM-768,16,308,4730,9472,49.9367,1234
mine,ML-KEM-768,16,309,4627,9472,48.8492,1234
mine,ML-KEM-768,16,310,4598,9472,48.5431,1234
mine,ML-KEM-768,16,311,4753,9472,50.1795,1234
mine,ML-KEM-768,16,312,4722,9472,49.8522,1234
mine,ML-KEM-768,16,313,4662,9472,49.2188,1234
mine,ML-KEM-768,16,314,4658,9472,49.1765,1234
mine,ML-KEM-768,16,315,4658,9472,49.1765,1234
mine,ML-KEM-768,16,316,4723,9472,49.8628,1234
mine,ML-KEM-768,16,317,4684,9472,49.451,1234
mine,ML-KEM-768,16,318,4743,9472,50.0739,1234
mine,ML-KEM-768,16,319,4656,9472,49.1554,1234
mine,ML-KEM-768,16,320,4636,9472,48.9443,1234
mine,ML-KEM-768,16,321,4715,9472,49.7783,1234
mine,ML-KEM-768,16,322,4662,9472,49.2188,1234
mine,ML-KEM-768,16,323,4675,9472,49.356,1234
mine,ML-KEM-768,16,324,4614,9472,48.712,1234
mine,ML-KEM-768,16,325,4599,9472,48.5536,1234
mine,ML-KEM-768,16,326,4660,9472,49.1976,1234
mine,ML-KEM-768,16,327,4676,9472,49.3666,1234
mine,ML-KEM-768,16,328,4710,9472,49.7255,1234
mine,ML-KEM-768,16,329,4710,9472,49.7255,1234
mine,ML-KEM-768,16,330,4731,9472,49.9472,1234
mine,ML-KEM-768,16,331,4649,9472,49.0815,1234
mine,ML-KEM-768,16,332,4760,9472,50.2534,1234
mine,ML-KEM-768,16,333,4661,9472,49.2082,1234
mine,ML-KEM-768,16,334,4685,9472,49.4616,1234
mine,ML-KEM-768,16,335,4594,9472,48.5008,1234
mine,ML-KEM-768,16,336,4676,9472,49.3666,1234
mine,ML-KEM-768,16,337,4762,9472,50.2745,1234
mine,ML-KEM-768,16,338,4636,9472,48.9443,1234
mine,ML-KEM-768,16,339,4737,9472,50.0106,1234
mine,ML-KEM-768,16,340,4812,9472,50.8024,1234
mine,ML-KEM-768,16,341,4748,9472,50.1267,1234
mine,ML-KEM-768,16,342,4754,9472,50.19,1234
mine,ML-KEM-768,16,343,4658,9472,49.1765,1234
mine,ML-KEM-768,16,344,4651,9472,49.1026,1234
mine,ML-KEM-768,16,345,4680,9472,49.4088,1234
mine,ML-KEM-768,16,346,4699,9472,49.6094,1234
mine,ML-KEM-768,16,347,4749,9472,50.1372,1234
mine,ML-KEM-768,16,348,4706,9472,49.6833,1234
mine,ML-KEM-768,16,349,4714,9472,49.7677,1234
mine,ML-KEM-768,16,350,4613,9472,48.7014,1234
mine,ML-KEM-768,16,351,4668,9472,49.2821,1234
mine,ML-KEM-768,16,352,4781,9472,50.4751,1234
mine,ML-KEM-768,16,353,4673,9472,49.3349,1234
mine,ML-KEM-768,16,354,4667,9472,49.2715,1234
mine,ML-KEM-768,16,355,4609,9472,48.6592,1234
mine,ML-KEM-768,16,356,4774,9472,50.4012,1234
mine,ML-KEM-768,16,357,4706,9472,49.6833,1234
mine,ML-KEM-768,16,358,4722,9472,49.8522,1234
mine,ML-KEM-768,16,359,4669,9472,49.2927,1234
mine,ML-KEM-768,16,360,4643,9472,49.0182,1234
mine,ML-KEM-768,16,361,4627,9472,48.8492,1234
mine,ML-KEM-768,16,362,4792,9472,50.5912,1234
mine,ML-KEM-768,16,363,4660,9472,49.1976,1234
mine,ML-KEM-768,16,364,4756,9472,50.2111,1234
mine,ML-KEM-768,16,365,4688,9472,49.4932,1234
mine,ML-KEM-768,16,366,4694,9472,49.5566,1234
mine,ML-KEM-768,16,367,4750,9472,50.1478,1234
mine,ML-KEM-768,16,368,4632,9472,48.902,1234
mine,ML-KEM-768,16,369,4653,9472,49.1237,1234
mine,ML-KEM-768,16,370,4731,9472,49.9472,1234
mine,ML-KEM-768,16,371,4677,9472,49.3771,1234
mine,ML-KEM-768,16,372,4720,9472,49.8311,1234
mine,ML-KEM-768,16,373,4643,9472,49.0182,1234
mine,ML-KEM-768,16,374,4684,9472,49.451,1234
mine,ML-KEM-768,16,375,4576,9472,48.3108,1234
mine,ML-KEM-768,16,376,4618,9472,48.7542,1234
mine,ML-KEM-768,16,377,4602,9472,48.5853,1234
mine,ML-KEM-768,16,378,4674,9472,49.3454,1234
mine,ML-KEM-768,16,379,4802,9472,50.6968,1234
mine,ML-KEM-768,16,380,4734,9472,49.9789,1234
mine,ML-KEM-768,16,381,4695,9472,49.5671,1234
mine,ML-KEM-768,16,382,4701,9472,49.6305,1234
mine,ML-KEM-768,16,383,4676,9472,49.3666,1234
mine,ML-KEM-768,16,384,4718,9472,49.81,1234
mine,ML-KEM-768,16,385,4668,9472,49.2821,1234
mine,ML-KEM-768,16,386,4687,9472,49.4827,1234
mine,ML-KEM-768,16,387,4644,9472,49.0287,1234
mine,ML-KEM-768,16,388,4690,9472,49.5144,1234
mine,ML-KEM-768,16,389,4652,9472,49.1132,1234
mine,ML-KEM-768,16,390,4659,9472,49.1871,1234
mine,ML-KEM-768,16,391,4693,9472,49.546,1234
mine,ML-KEM-768,16,392,4686,9472,49.4721,1234
mine,ML-KEM-768,16,393,4672,9472,49.3243,1234
mine,ML-KEM-768,16,394,4713,9472,49.7572,1234
mine,ML-KEM-768,16,395,4753,9472,50.1795,1234
mine,ML-KEM-768,16,396,4716,9472,49.7889,1234
mine,ML-KEM-768,16,397,4651,9472,49.1026,1234
mine,ML-KEM-768,16,398,4706,9472,49.6833,1234
mine,ML-KEM-768,16,399,4664,9472,49.2399,1234
mine,ML-KEM-768,16,400,4664,9472,49.2399,1234
mine,ML-KEM-768,16,401,4670,9472,49.3032,1234
mine,ML-KEM-768,16,402,4627,9472,48.8492,1234
mine,ML-KEM-768,16,403,4678,9472,49.3877,1234
mine,ML-KEM-768,16,404,4733,9472,49.9683,1234
mine,ML-KEM-768,16,405,4638,9472,48.9654,1234
mine,ML-KEM-768,16,406,4719,9472,49.8205,1234
mine,ML-KEM-768,16,407,4758,9472,50.2323,1234
mine,ML-KEM-768,16,408,4687,9472,49.4827,1234
mine,ML-KEM-768,16,409,4740,9472,50.0422,1234
mine,ML-KEM-768,16,410,4699,9472,49.6094,1234
mine,ML-KEM-768,16,411,4731,9472,49.9472,1234
mine,ML-KEM-768,16,412,4692,9472,49.5355,1234
mine,ML-KEM-768,16,413,4680,9472,49.4088,1234
mine,ML-KEM-768,16,414,4735,9472,49.9894,1234
mine,ML-KEM-768,16,415,4781,9472,50.4751,1234
mine,ML-KEM-768,16,416,4733,9472,49.9683,1234
mine,ML-KEM-768,16,417,4725,9472,49.8839,1234
mine,ML-KEM-768,16,418,4700,9472,49.6199,1234
mine,ML-KEM-768,16,419,4690,9472,49.5144,1234
mine,ML-KEM-768,16,420,4695,9472,49.5671,1234
mine,ML-KEM-768,16,421,4763,9472,50.2851,1234
mine,ML-KEM-768,16,422,4645,9472,49.0393,1234
mine,ML-KEM-768,16,423,4610,9472,48.6698,1234
mine,ML-KEM-768,16,424,4617,9472,48.7437,1234
mine,ML-KEM-768,16,425,4771,9472,50.3695,1234
mine,ML-KEM-768,16,426,4669,9472,49.2927,1234
mine,ML-KEM-768,16,427,4681,9472,49.4193,1234
mine,ML-KEM-768,16,428,4702,9472,49.641,1234
mine,ML-KEM-768,16,429,4658,9472,49.1765,1234
mine,ML-KEM-768,16,430,4728,9472,49.9155,1234
mine,ML-KEM-768,16,431,4734,9472,49.9789,1234
mine,ML-KEM-768,16,432,4649,9472,49.0815,1234
mine,ML-KEM-768,16,433,4719,9472,49.8205,1234
mine,ML-KEM-768,16,434,4750,9472,50.1478,1234
mine,ML-KEM-768,16,435,4759,9472,50.2428,1234
mine,ML-KEM-768,16,436,4730,9472,49.9367,1234
mine,ML-KEM-768,16,437,4659,9472,49.1871,1234
mine,ML-KEM-768,16,438,4747,9472,50.1161,1234
mine,ML-KEM-768,16,439,4680,9472,49.4088,1234
mine,ML-KEM-768,16,440,4599,9472,48.5536,1234
mine,ML-KEM-768,16,441,4677,9472,49.3771,1234
mine,ML-KEM-768,16,442,4652,9472,49.1132,1234
mine,ML-KEM-768,16,443,4717,9472,49.7994,1234
mine,ML-KEM-768,16,444,4652,9472,49.1132,1234
mine,ML-KEM-768,16,445,4696,9472,49.5777,1234
mine,ML-KEM-768,16,446,4673,9472,49.3349,1234
mine,ML-KEM-768,16,447,4681,9472,49.4193,1234
mine,ML-KEM-768,16,448,4596,9472,48.522,1234
mine,ML-KEM-768,16,449,4740,9472,50.0422,1234
mine,ML-KEM-768,16,450,4768,9472,50.3378,1234
mine,ML-KEM-768,16,451,4671,9472,49.3138,1234
mine,ML-KEM-768,16,452,4742,9472,50.0633,1234
mine,ML-KEM-768,16,453,4557,9472,48.1102,1234
mine,ML-KEM-768,16,454,4655,9472,49.1448,1234
mine,ML-KEM-768,16,455,4699,9472,49.6094,1234
mine,ML-KEM-768,16,456,4676,9472,49.3666,1234
mine,ML-KEM-768,16,457,4716,9472,49.7889,1234
mine,ML-KEM-768,16,458,4648,9472,49.0709,1234
mine,ML-KEM-768,16,459,4728,9472,49.9155,1234
mine,ML-KEM-768,16,460,4656,9472,49.1554,1234
mine,ML-KEM-768,16,461,4731,9472,49.9472,1234
mine,ML-KEM-768,16,462,4682,9472,49.4299,1234
mine,ML-KEM-768,16,463,4732,9472,49.9578,1234
mine,ML-KEM-768,16,464,4722,9472,49.8522,1234
mine,ML-KEM-768,16,465,4726,9472,49.8944,1234
mine,ML-KEM-768,16,466,4622,9472,48.7965,1234
mine,ML-KEM-768,16,467,4738,9472,50.0211,1234
mine,ML-KEM-768,16,468,4670,9472,49.3032,1234
mine,ML-KEM-768,16,469,4731,9472,49.9472,1234
mine,ML-KEM-768,16,470,4746,9472,50.1056,1234
mine,ML-KEM-768,16,471,4696,9472,49.5777,1234
mine,ML-KEM-768,16,472,4640,9472,48.9865,1234
mine,ML-KEM-768,16,473,4713,9472,49.7572,1234
mine,ML-KEM-768,16,474,4697,9472,49.5883,1234
mine,ML-KEM-768,16,475,4698,9472,49.5988,1234
mine,ML-KEM-768,16,476,4708,9472,49.7044,1234
mine,ML-KEM-768,16,477,4790,9472,50.5701,1234
mine,ML-KEM-768,16,478,4759,9472,50.2428,1234
mine,ML-KEM-768,16,479,4694,9472,49.5566,1234
mine,ML-KEM-768,16,480,4765,9472,50.3062,1234
mine,ML-KEM-768,16,481,4725,9472,49.8839,1234
mine,ML-KEM-768,16,482,4649,9472,49.0815,1234
mine,ML-KEM-768,16,483,4743,9472,50.0739,1234
mine,ML-KEM-768,16,484,4583,9472,48.3847,1234
mine,ML-KEM-768,16,485,4635,9472,48.9337,1234
mine,ML-KEM-768,16,486,4710,9472,49.7255,1234
mine,ML-KEM-768,16,487,4726,9472,49.8944,1234
mine,ML-KEM-768,16,488,4694,9472,49.5566,1234
mine,ML-KEM-768,16,489,4690,9472,49.5144,1234
mine,ML-KEM-768,16,490,4636,9472,48.9443,1234
mine,ML-KEM-768,16,491,4739,9472,50.0317,1234
mine,ML-KEM-768,16,492,4694,9472,49.5566,1234
mine,ML-KEM-768,16,493,4703,9472,49.6516,1234
mine,ML-KEM-768,16,494,4726,9472,49.8944,1234
mine,ML-KEM-768,16,495,4782,9472,50.4856,1234
mine,ML-KEM-768,16,496,4723,9472,49.8628,1234
mine,ML-KEM-768,16,497,4813,9472,50.8129,1234
mine,ML-KEM-768,16,498,4737,9472,50.0106,1234
mine,ML-KEM-768,16,499,4640,9472,48.9865,1234
mine,ML-KEM-768,64,0,4691,9472,49.5249,1234
mine,ML-KEM-768,64,1,4758,9472,50.2323,1234
mine,ML-KEM-768,64,2,4719,9472,49.8205,1234
mine,ML-KEM-768,64,3,4710,9472,49.7255,1234
mine,ML-KEM-768,64,4,4693,9472,49.546,1234
mine,ML-KEM-768,64,5,4742,9472,50.0633,1234
mine,ML-KEM-768,64,6,4660,9472,49.1976,1234
mine,ML-KEM-768,64,7,4748,9472,50.1267,1234
mine,ML-KEM-768,64,8,4621,9472,48.7859,1234
mine,ML-KEM-768,64,9,4703,9472,49.6516,1234
mine,ML-KEM-768,64,10,4669,9472,49.2927,1234
mine,ML-KEM-768,64,11,4712,9472,49.7466,1234
mine,ML-KEM-768,64,12,4704,9472,49.6622,1234
mine,ML-KEM-768,64,13,4708,9472,49.7044,1234
mine,ML-KEM-768,64,14,4684,9472,49.451,1234
mine,ML-KEM-768,64,15,4680,9472,49.4088,1234
mine,ML-KEM-768,64,16,4616,9472,48.7331,1234
mine,ML-KEM-768,64,17,4705,9472,49.6727,1234
mine,ML-KEM-768,64,18,4704,9472,49.6622,1234
mine,ML-KEM-768,64,19,4712,9472,49.7466,1234
mine,ML-KEM-768,64,20,4734,9472,49.9789,1234
mine,ML-KEM-768,64,21,4730,9472,49.9367,1234
mine,ML-KEM-768,64,22,4624,9472,48.8176,1234
mine,ML-KEM-768,64,23,4801,9472,50.6862,1234
mine,ML-KEM-768,64,24,4660,9472,49.1976,1234
mine,ML-KEM-768,64,25,4712,9472,49.7466,1234
mine,ML-KEM-768,64,26,4784,9472,50.5068,1234
mine,ML-KEM-768,64,27,4717,9472,49.7994,1234
mine,ML-KEM-768,64,28,4654,9472,49.1343,1234
mine,ML-KEM-768,64,29,4689,9472,49.5038,1234
mine,ML-KEM-768,64,30,4667,9472,49.2715,1234
mine,ML-KEM-768,64,31,4615,9472,48.7226,1234
mine,ML-KEM-768,64,32,4634,9472,48.9231,1234
mine,ML-KEM-768,64,33,4731,9472,49.9472,1234
mine,ML-KEM-768,64,34,4757,9472,50.2217,1234
mine,ML-KEM-768,64,35,4697,9472,49.5883,1234
mine,ML-KEM-768,64,36,4771,9472,50.3695,1234
mine,ML-KEM-768,64,37,4658,9472,49.1765,1234
mine,ML-KEM-768,64,38,4702,9472,49.641,1234
mine,ML-KEM-768,64,39,4697,9472,49.5883,1234
mine,ML-KEM-768,64,40,4714,9472,49.7677,1234
mine,ML-KEM-768,64,41,4717,9472,49.7994,1234
mine,ML-KEM-768,64,42,4606,9472,48.6275,1234
mine,ML-KEM-768,64,43,4669,9472,49.2927,1234
mine,ML-KEM-768,64,44,4786,9472,50.5279,1234
mine,ML-KEM-768,64,45,4646,9472,49.0498,1234
mine,ML-KEM-768,64,46,4621,9472,48.7859,1234
mine,ML-KEM-768,64,47,4610,9472,48.6698,1234
mine,ML-KEM-768,64,48,4701,9472,49.6305,1234
mine,ML-KEM-768,64,49,4655,9472,49.1448,1234
mine,ML-KEM-768,64,50,4636,9472,48.9443,1234
mine,ML-KEM-768,64,51,4614,9472,48.712,1234
mine,ML-KEM-768,64,52,4823,9472,50.9185,1234
mine,ML-KEM-768,64,53,4718,9472,49.81,1234
mine,ML-KEM-768,64,54,4716,9472,49.7889,1234
mine,ML-KEM-768,64,55,4693,9472,49.546,1234
mine,ML-KEM-768,64,56,4657,9472,49.166,1234
mine,ML-KEM-768,64,57,4720,9472,49.8311,1234
mine,ML-KEM-768,64,58,4632,9472,48.902,1234
mine,ML-KEM-768,64,59,4728,9472,49.9155,1234
mine,ML-KEM-768,64,60,4641,9472,48.997,1234
mine,ML-KEM-768,64,61,4785,9472,50.5173,1234
mine,ML-KEM-768,64,62,4702,9472,49.641,1234
mine,ML-KEM-768,64,63,4713,9472,49.7572,1234
mine,ML-KEM-768,64,64,4794,9472,50.6123,1234
mine,ML-KEM-768,64,65,4648,9472,49.0709,1234
mine,ML-KEM-768,64,66,4712,9472,49.7466,1234
mine,ML-KEM-768,64,67,4659,9472,49.1871,1234
mine,ML-KEM-768,64,68,4721,9472,49.8416,1234
mine,ML-KEM-768,64,69,4777,9472,50.4329,1234
mine,ML-KEM-768,64,70,4765,9472,50.3062,1234
mine,ML-KEM-768,64,71,4688,9472,49.4932,1234
mine,ML-KEM-768,64,72,4678,9472,49.3877,1234
mine,ML-KEM-768,64,73,4714,9472,49.7677,1234
mine,ML-KEM-768,64,74,4707,9472,49.6938,1234
mine,ML-KEM-768,64,75,4697,9472,49.5883,1234
mine,ML-KEM-768,64,76,4695,9472,49.5671,1234
mine,ML-KEM-768,64,77,4687,9472,49.4827,1234
mine,ML-KEM-768,64,78,4710,9472,49.7255,1234
mine,ML-KEM-768,64,79,4705,9472,49.6727,1234
mine,ML-KEM-768,64,80,4725,9472,49.8839,1234
mine,ML-KEM-768,64,81,4722,9472,49.8522,1234
mine,ML-KEM-768,64,82,4698,9472,49.5988,1234
mine,ML-KEM-768,64,83,4684,9472,49.451,1234
mine,ML-KEM-768,64,84,4674,9472,49.3454,1234
mine,ML-KEM-768,64,85,4671,9472,49.3138,1234
mine,ML-KEM-768,64,86,4699,9472,49.6094,1234
mine,ML-KEM-768,64,87,4689,9472,49.5038,1234
mine,ML-KEM-768,64,88,4752,9472,50.1689,1234
mine,ML-KEM-768,64,89,4665,9472,49.2504,1234
mine,ML-KEM-768,64,90,4609,9472,48.6592,1234
mine,ML-KEM-768,64,91,4688,9472,49.4932,1234
mine,ML-KEM-768,64,92,4717,9472,49.7994,1234
mine,ML-KEM-768,64,93,4697,9472,49.5883,1234
mine,ML-KEM-768,64,94,4619,9472,48.7648,1234
mine,ML-KEM-768,64,95,4642,9472,49.0076,1234
mine,ML-KEM-768,64,96,4677,9472,49.3771,1234
mine,ML-KEM-768,64,97,4715,9472,49.7783,1234
mine,ML-KEM-768,64,98,4739,9472,50.0317,1234
mine,ML-KEM-768,64,99,4654,9472,49.1343,1234
mine,ML-KEM-768,64,100,4737,9472,50.0106,1234
mine,ML-KEM-768,64,101,4610,9472,48.6698,1234
mine,ML-KEM-768,64,102,4664,9472,49.2399,1234
mine,ML-KEM-768,64,103,4764,9472,50.2956,1234
mine,ML-KEM-768,64,104,4714,9472,49.7677,1234
mine,ML-KEM-768,64,105,4762,9472,50.2745,1234
mine,ML-KEM-768,64,106,4743,9472,50.0739,1234
mine,ML-KEM-768,64,107,4685,9472,49.4616,1234
mine,ML-KEM-768,64,108,4702,9472,49.641,1234
mine,ML-KEM-768,64,109,4640,9472,48.9865,1234
mine,ML-KEM-768,64,110,4639,9472,48.9759,1234
mine,ML-KEM-768,64,111,4776,9472,50.4223,1234
mine,ML-KEM-768,64,112,4680,9472,49.4088,1234
mine,ML-KEM-768,64,113,4670,9472,49.3032,1234
mine,ML-KEM-768,64,114,4658,9472,49.1765,1234
mine,ML-KEM-768,64,115,4855,9472,51.2563,1234
mine,ML-KEM-768,64,116,4682,9472,49.4299,1234
mine,ML-KEM-768,64,117,4695,9472,49.5671,1234
mine,ML-KEM-768,64,118,4745,9472,50.095,1234
mine,ML-KEM-768,64,119,4705,9472,49.6727,1234
mine,ML-KEM-768,64,120,4701,9472,49.6305,1234
mine,ML-KEM-768,64,121,4631,9472,48.8915,1234
mine,ML-KEM-768,64,122,4585,9472,48.4058,1234
mine,ML-KEM-768,64,123,4650,9472,49.0921,1234
mine,ML-KEM-768,64,124,4676,9472,49.3666,1234
mine,ML-KEM-768,64,125,4623,9472,48.807,1234
mine,ML-KEM-768,64,126,4690,9472,49.5144,1234
mine,ML-KEM-768,64,127,4739,9472,50.0317,1234
mine,ML-KEM-768,64,128,4698,9472,49.5988,1234
mine,ML-KEM-768,64,129,4773,9472,50.3906,1234
mine,ML-KEM-768,64,130,4699,9472,49.6094,1234
mine,ML-KEM-768,64,131,4744,9472,50.0845,1234
mine,ML-KEM-768,64,132,4678,9472,49.3877,1234
mine,ML-KEM-768,64,133,4624,9472,48.8176,1234
mine,ML-KEM-768,64,134,4623,9472,48.807,1234
mine,ML-KEM-768,64,135,4702,9472,49.641,1234
mine,ML-KEM-768,64,136,4669,9472,49.2927,1234
mine,ML-KEM-768,64,137,4671,9472,49.3138,1234
mine,ML-KEM-768,64,138,4680,9472,49.4088,1234
mine,ML-KEM-768,64,139,4785,9472,50.5173,1234
mine,ML-KEM-768,64,140,4679,9472,49.3982,1234
mine,ML-KEM-768,64,141,4747,9472,50.1161,1234
mine,ML-KEM-768,64,142,4682,9472,49.4299,1234
mine,ML-KEM-768,64,143,4693,9472,49.546,1234
mine,ML-KEM-768,64,144,4724,9472,49.8733,1234
mine,ML-KEM-768,64,145,4592,9472,48.4797,1234
mine,ML-KEM-768,64,146,4635,9472,48.9337,1234
mine,ML-KEM-768,64,147,4706,9472,49.6833,1234
mine,ML-KEM-768,64,148,4669,9472,49.2927,1234
mine,ML-KEM-768,64,149,4700,9472,49.6199,1234
mine,ML-KEM-768,64,150,4738,9472,50.0211,1234
mine,ML-KEM-768,64,151,4727,9472,49.905,1234
mine,ML-KEM-768,64,152,4747,9472,50.1161,1234
mine,ML-KEM-768,64,153,4643,9472,49.0182,1234
mine,ML-KEM-768,64,154,4652,9472,49.1132,1234
mine,ML-KEM-768,64,155,4700,9472,49.6199,1234
mine,ML-KEM-768,64,156,4662,9472,49.2188,1234
mine,ML-KEM-768,64,157,4736,9472,50.0,1234
mine,ML-KEM-768,64,158,4688,9472,49.4932,1234
mine,ML-KEM-768,64,159,4601,9472,48.5747,1234
mine,ML-KEM-768,64,160,4801,9472,50.6862,1234
mine,ML-KEM-768,64,161,4702,9472,49.641,1234
mine,ML-KEM-768,64,162,4635,9472,48.9337,1234
mine,ML-KEM-768,64,163,4724,9472,49.8733,1234
mine,ML-KEM-768,64,164,4796,9472,50.6334,1234
mine,ML-KEM-768,64,165,4690,9472,49.5144,1234
mine,ML-KEM-768,64,166,4678,9472,49.3877,1234
mine,ML-KEM-768,64,167,4658,9472,49.1765,1234
mine,ML-KEM-768,64,168,4754,9472,50.19,1234
mine,ML-KEM-768,64,169,4732,9472,49.9578,1234
mine,ML-KEM-768,64,170,4773,9472,50.3906,1234
mine,ML-KEM-768,64,171,4680,9472,49.4088,1234
mine,ML-KEM-768,64,172,4716,9472,49.7889,1234
mine,ML-KEM-768,64,173,4767,9472,50.3273,1234
mine,ML-KEM-768,64,174,4657,9472,49.166,1234
mine,ML-KEM-768,64,175,4666,9472,49.261,1234
mine,ML-KEM-768,64,176,4685,9472,49.4616,1234
mine,ML-KEM-768,64,177,4733,9472,49.9683,1234
mine,ML-KEM-768,64,178,4673,9472,49.3349,1234
mine,ML-KEM-768,64,179,4625,9472,48.8281,1234
mine,ML-KEM-768,64,180,4668,9472,49.2821,1234
mine,ML-KEM-768,64,181,4652,9472,49.1132,1234
mine,ML-KEM-768,64,182,4691,9472,49.5249,1234
mine,ML-KEM-768,64,183,4661,9472,49.2082,1234
mine,ML-KEM-768,64,184,4640,9472,48.9865,1234
mine,ML-KEM-768,64,185,4737,9472,50.0106,1234
mine,ML-KEM-768,64,186,4750,9472,50.1478,1234
mine,ML-KEM-768,64,187,4648,9472,49.0709,1234
mine,ML-KEM-768,64,188,4694,9472,49.5566,1234
mine,ML-KEM-768,64,189,4751,9472,50.1584,1234
mine,ML-KEM-768,64,190,4728,9472,49.9155,1234
mine,ML-KEM-768,64,191,4783,9472,50.4962,1234
mine,ML-KEM-768,64,192,4682,9472,49.4299,1234
mine,ML-KEM-768,64,193,4709,9472,49.7149,1234
mine,ML-KEM-768,64,194,4623,9472,48.807,1234
mine,ML-KEM-768,64,195,4700,9472,49.6199,1234
mine,ML-KEM-768,64,196,4769,9472,50.3484,1234
mine,ML-KEM-768,64,197,4709,9472,49.7149,1234
mine,ML-KEM-768,64,198,4740,9472,50.0422,1234
mine,ML-KEM-768,64,199,4834,9472,51.0346,1234
mine,ML-KEM-768,64,200,4669,9472,49.2927,1234
mine,ML-KEM-768,64,201,4685,9472,49.4616,1234
mine,ML-KEM-768,64,202,4787,9472,50.5384,1234
mine,ML-KEM-768,64,203,4671,9472,49.3138,1234
mine,ML-KEM-768,64,204,4717,9472,49.7994,1234
mine,ML-KEM-768,64,205,4689,9472,49.5038,1234
mine,ML-KEM-768,64,206,4825,9472,50.9396,1234
mine,ML-KEM-768,64,207,4720,9472,49.8311,1234
mine,ML-KEM-768,64,208,4655,9472,49.1448,1234
mine,ML-KEM-768,64,209,4721,9472,49.8416,1234
mine,ML-KEM-768,64,210,4796,9472,50.6334,1234
mine,ML-KEM-768,64,211,4733,9472,49.9683,1234
mine,ML-KEM-768,64,212,4677,9472,49.3771,1234
mine,ML-KEM-768,64,213,4651,9472,49.1026,1234
mine,ML-KEM-768,64,214,4692,9472,49.5355,1234
mine,ML-KEM-768,64,215,4650,9472,49.0921,1234
mine,ML-KEM-768,64,216,4699,9472,49.6094,1234
mine,ML-KEM-768,64,217,4648,9472,49.0709,1234
mine,ML-KEM-768,64,218,4712,9472,49.7466,1234
mine,ML-KEM-768,64,219,4732,9472,49.9578,1234
mine,ML-KEM-768,64,220,4668,9472,49.2821,1234
mine,ML-KEM-768,64,221,4728,9472,49.9155,1234
mine,ML-KEM-768,64,222,4664,9472,49.2399,1234
mine,ML-KEM-768,64,223,4697,9472,49.5883,1234
mine,ML-KEM-768,64,224,4626,9472,48.8387,1234
mine,ML-KEM-768,64,225,4682,9472,49.4299,1234
mine,ML-KEM-768,64,226,4740,9472,50.0422,1234
mine,ML-KEM-768,64,227,4725,9472,49.8839,1234
mine,ML-KEM-768,64,228,4693,9472,49.546,1234
mine,ML-KEM-768,64,229,4705,9472,49.6727,1234
mine,ML-KEM-768,64,230,4681,9472,49.4193,1234
mine,ML-KEM-768,64,231,4653,9472,49.1237,1234
mine,ML-KEM-768,64,232,4691,9472,49.5249,1234
mine,ML-KEM-768,64,233,4751,9472,50.1584,1234
mine,ML-KEM-768,64,234,4640,9472,48.9865,1234
mine,ML-KEM-768,64,235,4640,9472,48.9865,1234
mine,ML-KEM-768,64,236,4681,9472,49.4193,1234
mine,ML-KEM-768,64,237,4699,9472,49.6094,1234
mine,ML-KEM-768,64,238,4710,9472,49.7255,1234
mine,ML-KEM-768,64,239,4635,9472,48.9337,1234
mine,ML-KEM-768,64,240,4700,9472,49.6199,1234
mine,ML-KEM-768,64,241,4641,9472,48.997,1234
mine,ML-KEM-768,64,242,4620,9472,48.7753,1234
mine,ML-KEM-768,64,243,4749,9472,50.1372,1234
mine,ML-KEM-768,64,244,4706,9472,49.6833,1234
mine,ML-KEM-768,64,245,4642,9472,49.0076,1234
mine,ML-KEM-768,64,246,4767,9472,50.3273,1234
mine,ML-KEM-768,64,247,4710,9472,49.7255,1234
mine,ML-KEM-768,64,248,4682,9472,49.4299,1234
mine,ML-KEM-768,64,249,4651,9472,49.1026,1234
mine,ML-KEM-768,64,250,4632,9472,48.902,1234
mine,ML-KEM-768,64,251,4769,9472,50.3484,1234
mine,ML-KEM-768,64,252,4709,9472,49.7149,1234
mine,ML-KEM-768,64,253,4718,9472,49.81,1234
mine,ML-KEM-768,64,254,4744,9472,50.0845,1234
mine,ML-KEM-768,64,255,4715,9472,49.7783,1234
mine,ML-KEM-768,64,256,4667,9472,49.2715,1234
mine,ML-KEM-768,64,257,4740,9472,50.0422,1234
mine,ML-KEM-768,64,258,4719,9472,49.8205,1234
mine,ML-KEM-768,64,259,4639,9472,48.9759,1234
mine,ML-KEM-768,64,260,4664,9472,49.2399,1234
mine,ML-KEM-768,64,261,4716,9472,49.7889,1234
mine,ML-KEM-768,64,262,4610,9472,48.6698,1234
mine,ML-KEM-768,64,263,4636,9472,48.9443,1234
mine,ML-KEM-768,64,264,4753,9472,50.1795,1234
mine,ML-KEM-768,64,265,4689,9472,49.5038,1234
mine,ML-KEM-768,64,266,4649,9472,49.0815,1234
mine,ML-KEM-768,64,267,4751,9472,50.1584,1234
mine,ML-KEM-768,64,268,4733,9472,49.9683,1234
mine,ML-KEM-768,64,269,4715,9472,49.7783,1234
mine,ML-KEM-768,64,270,4658,9472,49.1765,1234
mine,ML-KEM-768,64,271,4623,9472,48.807,1234
mine,ML-KEM-768,64,272,4715,9472,49.7783,1234
mine,ML-KEM-768,64,273,4720,9472,49.8311,1234
mine,ML-KEM-768,64,274,4710,9472,49.7255,1234
mine,ML-KEM-768,64,275,4685,9472,49.4616,1234
mine,ML-KEM-768,64,276,4710,9472,49.7255,1234
mine,ML-KEM-768,64,277,4716,9472,49.7889,1234
mine,ML-KEM-768,64,278,4720,9472,49.8311,1234
mine,ML-KEM-768,64,279,4693,9472,49.546,1234
mine,ML-KEM-768,64,280,4604,9472,48.6064,1234
mine,ML-KEM-768,64,281,4721,9472,49.8416,1234
mine,ML-KEM-768,64,282,4698,9472,49.5988,1234
mine,ML-KEM-768,64,283,4784,9472,50.5068,1234
mine,ML-KEM-768,64,284,4634,9472,48.9231,1234
mine,ML-KEM-768,64,285,4659,9472,49.1871,1234
mine,ML-KEM-768,64,286,4639,9472,48.9759,1234
mine,ML-KEM-768,64,287,4769,9472,50.3484,1234
mine,ML-KEM-768,64,288,4639,9472,48.9759,1234
mine,ML-KEM-768,64,289,4673,9472,49.3349,1234
mine,ML-KEM-768,64,290,4649,9472,49.0815,1234
mine,ML-KEM-768,64,291,4651,9472,49.1026,1234
mine,ML-KEM-768,64,292,4645,9472,49.0393,1234
mine,ML-KEM-768,64,293,4642,9472,49.0076,1234
mine,ML-KEM-768,64,294,4682,9472,49.4299,1234
mine,ML-KEM-768,64,295,4635,9472,48.9337,1234
mine,ML-KEM-768,64,296,4735,9472,49.9894,1234
mine,ML-KEM-768,64,297,4688,9472,49.4932,1234
mine,ML-KEM-768,64,298,4685,9472,49.4616,1234
mine,ML-KEM-768,64,299,4654,9472,49.1343,1234
mine,ML-KEM-768,64,300,4697,9472,49.5883,1234
mine,ML-KEM-768,64,301,4736,9472,50.0,1234
mine,ML-KEM-768,64,302,4748,9472,50.1267,1234
mine,ML-KEM-768,64,303,4650,9472,49.0921,1234
mine,ML-KEM-768,64,304,4610,9472,48.6698,1234
mine,ML-KEM-768,64,305,4710,9472,49.7255,1234
mine,ML-KEM-768,64,306,4594,9472,48.5008,1234
mine,ML-KEM-768,64,307,4677,9472,49.3771,1234
mine,ML-KEM-768,64,308,4620,9472,48.7753,1234
mine,ML-KEM-768,64,309,4631,9472,48.8915,1234
mine,ML-KEM-768,64,310,4609,9472,48.6592,1234
mine,ML-KEM-768,64,311,4698,9472,49.5988,1234
mine,ML-KEM-768,64,312,4645,9472,49.0393,1234
mine,ML-KEM-768,64,313,4668,9472,49.2821,1234
mine,ML-KEM-768,64,314,4768,9472,50.3378,1234
mine,ML-KEM-768,64,315,4710,9472,49.7255,1234
mine,ML-KEM-768,64,316,4699,9472,49.6094,1234
mine,ML-KEM-768,64,317,4751,9472,50.1584,1234
mine,ML-KEM-768,64,318,4644,9472,49.0287,1234
mine,ML-KEM-768,64,319,4699,9472,49.6094,1234
mine,ML-KEM-768,64,320,4636,9472,48.9443,1234
mine,ML-KEM-768,64,321,4732,9472,49.9578,1234
mine,ML-KEM-768,64,322,4677,9472,49.3771,1234
mine,ML-KEM-768,64,323,4624,9472,48.8176,1234
mine,ML-KEM-768,64,324,4682,9472,49.4299,1234
mine,ML-KEM-768,64,325,4722,9472,49.8522,1234
mine,ML-KEM-768,64,326,4723,9472,49.8628,1234
mine,ML-KEM-768,64,327,4779,9472,50.454,1234
mine,ML-KEM-768,64,328,4689,9472,49.5038,1234
mine,ML-KEM-768,64,329,4742,9472,50.0633,1234
mine,ML-KEM-768,64,330,4770,9472,50.359,1234
mine,ML-KEM-768,64,331,4742,9472,50.0633,1234
mine,ML-KEM-768,64,332,4635,9472,48.9337,1234
mine,ML-KEM-768,64,333,4671,9472,49.3138,1234
mine,ML-KEM-768,64,334,4616,9472,48.7331,1234
mine,ML-KEM-768,64,335,4675,9472,49.356,1234
mine,ML-KEM-768,64,336,4725,9472,49.8839,1234
mine,ML-KEM-768,64,337,4670,9472,49.3032,1234
mine,ML-KEM-768,64,338,4668,9472,49.2821,1234
mine,ML-KEM-768,64,339,4772,9472,50.3801,1234
mine,ML-KEM-768,64,340,4796,9472,50.6334,1234
mine,ML-KEM-768,64,341,4676,9472,49.3666,1234
mine,ML-KEM-768,64,342,4710,9472,49.7255,1234
mine,ML-KEM-768,64,343,4760,9472,50.2534,1234
mine,ML-KEM-768,64,344,4634,9472,48.9231,1234
mine,ML-KEM-768,64,345,4640,9472,48.9865,1234
mine,ML-KEM-768,64,346,4680,9472,49.4088,1234
mine,ML-KEM-768,64,347,4636,9472,48.9443,1234
mine,ML-KEM-768,64,348,4715,9472,49.7783,1234
mine,ML-KEM-768,64,349,4654,9472,49.1343,1234
mine,ML-KEM-768,64,350,4775,9472,50.4117,1234
mine,ML-KEM-768,64,351,4751,9472,50.1584,1234
mine,ML-KEM-768,64,352,4651,9472,49.1026,1234
mine,ML-KEM-768,64,353,4758,9472,50.2323,1234
mine,ML-KEM-768,64,354,4620,9472,48.7753,1234
mine,ML-KEM-768,64,355,4786,9472,50.5279,1234
mine,ML-KEM-768,64,356,4762,9472,50.2745,1234
mine,ML-KEM-768,64,357,4703,9472,49.6516,1234
mine,ML-KEM-768,64,358,4668,9472,49.2821,1234
mine,ML-KEM-768,64,359,4714,9472,49.7677,1234
mine,ML-KEM-768,64,360,4742,9472,50.0633,1234
mine,ML-KEM-768,64,361,4624,9472,48.8176,1234
mine,ML-KEM-768,64,362,4682,9472,49.4299,1234
mine,ML-KEM-768,64,363,4669,9472,49.2927,1234
mine,ML-KEM-768,64,364,4746,9472,50.1056,1234
mine,ML-KEM-768,64,365,4762,9472,50.2745,1234
mine,ML-KEM-768,64,366,4781,9472,50.4751,1234
mine,ML-KEM-768,64,367,4683,9472,49.4405,1234
mine,ML-KEM-768,64,368,4624,9472,48.8176,1234
mine,ML-KEM-768,64,369,4724,9472,49.8733,1234
mine,ML-KEM-768,64,370,4681,9472,49.4193,1234
mine,ML-KEM-768,64,371,4700,9472,49.6199,1234
mine,ML-KEM-768,64,372,4745,9472,50.095,1234
mine,ML-KEM-768,64,373,4612,9472,48.6909,1234
mine,ML-KEM-768,64,374,4709,9472,49.7149,1234
mine,ML-KEM-768,64,375,4725,9472,49.8839,1234
mine,ML-KEM-768,64,376,4634,9472,48.9231,1234
mine,ML-KEM-768,64,377,4776,9472,50.4223,1234
mine,ML-KEM-768,64,378,4607,9472,48.6381,1234
mine,ML-KEM-768,64,379,4702,9472,49.641,1234
mine,ML-KEM-768,64,380,4666,9472,49.261,1234
mine,ML-KEM-768,64,381,4718,9472,49.81,1234
mine,ML-KEM-768,64,382,4705,9472,49.6727,1234
mine,ML-KEM-768,64,383,4774,9472,50.4012,1234
mine,ML-KEM-768,64,384,4683,9472,49.4405,1234
mine,ML-KEM-768,64,385,4658,9472,49.1765,1234
mine,ML-KEM-768,64,386,4731,9472,49.9472,1234
mine,ML-KEM-768,64,387,4772,9472,50.3801,1234
mine,ML-KEM-768,64,388,4745,9472,50.095,1234
mine,ML-KEM-768,64,389,4698,9472,49.5988,1234
mine,ML-KEM-768,64,390,4660,9472,49.1976,1234
mine,ML-KEM-768,64,391,4676,9472,49.3666,1234
mine,ML-KEM-768,64,392,4687,9472,49.4827,1234
mine,ML-KEM-768,64,393,4648,9472,49.0709,1234
mine,ML-KEM-768,64,394,4720,9472,49.8311,1234
mine,ML-KEM-768,64,395,4760,9472,50.2534,1234
mine,ML-KEM-768,64,396,4705,9472,49.6727,1234
mine,ML-KEM-768,64,397,4671,9472,49.3138,1234
mine,ML-KEM-768,64,398,4675,9472,49.356,1234
mine,ML-KEM-768,64,399,4643,9472,49.0182,1234
mine,ML-KEM-768,64,400,4611,9472,48.6803,1234
mine,ML-KEM-768,64,401,4697,9472,49.5883,1234
mine,ML-KEM-768,64,402,4728,9472,49.9155,1234
mine,ML-KEM-768,64,403,4647,9472,49.0604,1234
mine,ML-KEM-768,64,404,4634,9472,48.9231,1234
mine,ML-KEM-768,64,405,4738,9472,50.0211,1234
mine,ML-KEM-768,64,406,4744,9472,50.0845,1234
mine,ML-KEM-768,64,407,4811,9472,50.7918,1234
mine,ML-KEM-768,64,408,4643,9472,49.0182,1234
mine,ML-KEM-768,64,409,4662,9472,49.2188,1234
mine,ML-KEM-768,64,410,4643,9472,49.0182,1234
mine,ML-KEM-768,64,411,4642,9472,49.0076,1234
mine,ML-KEM-768,64,412,4654,9472,49.1343,1234
mine,ML-KEM-768,64,413,4610,9472,48.6698,1234
mine,ML-KEM-768,64,414,4647,9472,49.0604,1234
mine,ML-KEM-768,64,415,4666,9472,49.261,1234
mine,ML-KEM-768,64,416,4694,9472,49.5566,1234
mine,ML-KEM-768,64,417,4650,9472,49.0921,1234
mine,ML-KEM-768,64,418,4683,9472,49.4405,1234
mine,ML-KEM-768,64,419,4625,9472,48.8281,1234
mine,ML-KEM-768,64,420,4725,9472,49.8839,1234
mine,ML-KEM-768,64,421,4655,9472,49.1448,1234
mine,ML-KEM-768,64,422,4667,9472,49.2715,1234
mine,ML-KEM-768,64,423,4693,9472,49.546,1234
mine,ML-KEM-768,64,424,4738,9472,50.0211,1234
mine,ML-KEM-768,64,425,4681,9472,49.4193,1234
mine,ML-KEM-768,64,426,4636,9472,48.9443,1234
mine,ML-KEM-768,64,427,4737,9472,50.0106,1234
mine,ML-KEM-768,64,428,4693,9472,49.546,1234
mine,ML-KEM-768,64,429,4759,9472,50.2428,1234
mine,ML-KEM-768,64,430,4741,9472,50.0528,1234
mine,ML-KEM-768,64,431,4680,9472,49.4088,1234
mine,ML-KEM-768,64,432,4716,9472,49.7889,1234
mine,ML-KEM-768,64,433,4686,9472,49.4721,1234
mine,ML-KEM-768,64,434,4702,9472,49.641,1234
mine,ML-KEM-768,64,435,4706,9472,49.6833,1234
mine,ML-KEM-768,64,436,4648,9472,49.0709,1234
mine,ML-KEM-768,64,437,4706,9472,49.6833,1234
mine,ML-KEM-768,64,438,4719,9472,49.8205,1234
mine,ML-KEM-768,64,439,4711,9472,49.7361,1234
mine,ML-KEM-768,64,440,4701,9472,49.6305,1234
mine,ML-KEM-768,64,441,4716,9472,49.7889,1234
mine,ML-KEM-768,64,442,4685,9472,49.4616,1234
mine,ML-KEM-768,64,443,4700,9472,49.6199,1234
mine,ML-KEM-768,64,444,4577,9472,48.3214,1234
mine,ML-KEM-768,64,445,4646,9472,49.0498,1234
mine,ML-KEM-768,64,446,4620,9472,48.7753,1234
mine,ML-KEM-768,64,447,4613,9472,48.7014,1234
mine,ML-KEM-768,64,448,4741,9472,50.0528,1234
mine,ML-KEM-768,64,449,4621,9472,48.7859,1234
mine,ML-KEM-768,64,450,4647,9472,49.0604,1234
mine,ML-KEM-768,64,451,4701,9472,49.6305,1234
mine,ML-KEM-768,64,452,4715,9472,49.7783,1234
mine,ML-KEM-768,64,453,4765,9472,50.3062,1234
mine,ML-KEM-768,64,454,4593,9472,48.4903,1234
mine,ML-KEM-768,64,455,4736,9472,50.0,1234
mine,ML-KEM-768,64,456,4670,9472,49.3032,1234
mine,ML-KEM-768,64,457,4658,9472,49.1765,1234
mine,ML-KEM-768,64,458,4673,9472,49.3349,1234
mine,ML-KEM-768,64,459,4657,9472,49.166,1234
mine,ML-KEM-768,64,460,4658,9472,49.1765,1234
mine,ML-KEM-768,64,461,4705,9472,49.6727,1234
mine,ML-KEM-768,64,462,4712,9472,49.7466,1234
mine,ML-KEM-768,64,463,4672,9472,49.3243,1234
mine,ML-KEM-768,64,464,4588,9472,48.4375,1234
mine,ML-KEM-768,64,465,4611,9472,48.6803,1234
mine,ML-KEM-768,64,466,4770,9472,50.359,1234
mine,ML-KEM-768,64,467,4741,9472,50.0528,1234
mine,ML-KEM-768,64,468,4742,9472,50.0633,1234
mine,ML-KEM-768,64,469,4696,9472,49.5777,1234
mine,ML-KEM-768,64,470,4803,9472,50.7073,1234
mine,ML-KEM-768,64,471,4652,9472,49.1132,1234
mine,ML-KEM-768,64,472,4786,9472,50.5279,1234
mine,ML-KEM-768,64,473,4737,9472,50.0106,1234
mine,ML-KEM-768,64,474,4627,9472,48.8492,1234
mine,ML-KEM-768,64,475,4578,9472,48.3319,1234
mine,ML-KEM-768,64,476,4678,9472,49.3877,1234
mine,ML-KEM-768,64,477,4697,9472,49.5883,1234
mine,ML-KEM-768,64,478,4653,9472,49.1237,1234
mine,ML-KEM-768,64,479,4723,9472,49.8628,1234
mine,ML-KEM-768,64,480,4664,9472,49.2399,1234
mine,ML-KEM-768,64,481,4721,9472,49.8416,1234
mine,ML-KEM-768,64,482,4811,9472,50.7918,1234
mine,ML-KEM-768,64,483,4703,9472,49.6516,1234
mine,ML-KEM-768,64,484,4671,9472,49.3138,1234
mine,ML-KEM-768,64,485,4706,9472,49.6833,1234
mine,ML-KEM-768,64,486,4739,9472,50.0317,1234
mine,ML-KEM-768,64,487,4667,9472,49.2715,1234
mine,ML-KEM-768,64,488,4727,9472,49.905,1234
mine,ML-KEM-768,64,489,4679,9472,49.3982,1234
mine,ML-KEM-768,64,490,4627,9472,48.8492,1234
mine,ML-KEM-768,64,491,4713,9472,49.7572,1234
mine,ML-KEM-768,64,492,4681,9472,49.4193,1234
mine,ML-KEM-768,64,493,4714,9472,49.7677,1234
mine,ML-KEM-768,64,494,4676,9472,49.3666,1234
mine,ML-KEM-768,64,495,4745,9472,50.095,1234
mine,ML-KEM-768,64,496,4695,9472,49.5671,1234
mine,ML-KEM-768,64,497,4711,9472,49.7361,1234
mine,ML-KEM-768,64,498,4662,9472,49.2188,1234
mine,ML-KEM-768,64,499,4667,9472,49.2715,1234
mine,ML-KEM-768,256,0,4753,9472,50.1795,1234
mine,ML-KEM-768,256,1,4762,9472,50.2745,1234
mine,ML-KEM-768,256,2,4746,9472,50.1056,1234
mine,ML-KEM-768,256,3,4638,9472,48.9654,1234
mine,ML-KEM-768,256,4,4755,9472,50.2006,1234
mine,ML-KEM-768,256,5,4641,9472,48.997,1234
mine,ML-KEM-768,256,6,4636,9472,48.9443,1234
mine,ML-KEM-768,256,7,4589,9472,48.4481,1234
mine,ML-KEM-768,256,8,4774,9472,50.4012,1234
mine,ML-KEM-768,256,9,4642,9472,49.0076,1234
mine,ML-KEM-768,256,10,4635,9472,48.9337,1234
mine,ML-KEM-768,256,11,4660,9472,49.1976,1234
mine,ML-KEM-768,256,12,4787,9472,50.5384,1234
mine,ML-KEM-768,256,13,4702,9472,49.641,1234
mine,ML-KEM-768,256,14,4689,9472,49.5038,1234
mine,ML-KEM-768,256,15,4697,9472,49.5883,1234
mine,ML-KEM-768,256,16,4662,9472,49.2188,1234
mine,ML-KEM-768,256,17,4618,9472,48.7542,1234
mine,ML-KEM-768,256,18,4704,9472,49.6622,1234
mine,ML-KEM-768,256,19,4669,9472,49.2927,1234
mine,ML-KEM-768,256,20,4738,9472,50.0211,1234
mine,ML-KEM-768,256,21,4713,9472,49.7572,1234
mine,ML-KEM-768,256,22,4656,9472,49.1554,1234
mine,ML-KEM-768,256,23,4706,9472,49.6833,1234
mine,ML-KEM-768,256,24,4716,9472,49.7889,1234
mine,ML-KEM-768,256,25,4669,9472,49.2927,1234
mine,ML-KEM-768,256,26,4775,9472,50.4117,1234
mine,ML-KEM-768,256,27,4669,9472,49.2927,1234
mine,ML-KEM-768,256,28,4631,9472,48.8915,1234
mine,ML-KEM-768,256,29,4707,9472,49.6938,1234
mine,ML-KEM-768,256,30,4799,9472,50.6651,1234
mine,ML-KEM-768,256,31,4621,9472,48.7859,1234
mine,ML-KEM-768,256,32,4636,9472,48.9443,1234
mine,ML-KEM-768,256,33,4713,9472,49.7572,1234
mine,ML-KEM-768,256,34,4803,9472,50.7073,1234
mine,ML-KEM-768,256,35,4684,9472,49.451,1234
mine,ML-KEM-768,256,36,4547,9472,48.0046,1234
mine,ML-KEM-768,256,37,4662,9472,49.2188,1234
mine,ML-KEM-768,256,38,4658,9472,49.1765,1234
mine,ML-KEM-768,256,39,4646,9472,49.0498,1234
mine,ML-KEM-768,256,40,4673,9472,49.3349,1234
mine,ML-KEM-768,256,41,4664,9472,49.2399,1234
mine,ML-KEM-768,256,42,4683,9472,49.4405,1234
mine,ML-KEM-768,256,43,4661,9472,49.2082,1234
mine,ML-KEM-768,256,44,4762,9472,50.2745,1234
mine,ML-KEM-768,256,45,4721,9472,49.8416,1234
mine,ML-KEM-768,256,46,4716,9472,49.7889,1234
mine,ML-KEM-768,256,47,4680,9472,49.4088,1234
mine,ML-KEM-768,256,48,4692,9472,49.5355,1234
mine,ML-KEM-768,256,49,4586,9472,48.4164,1234
mine,ML-KEM-768,256,50,4650,9472,49.0921,1234
mine,ML-KEM-768,256,51,4736,9472,50.0,1234
mine,ML-KEM-768,256,52,4736,9472,50.0,1234
mine,ML-KEM-768,256,53,4682,9472,49.4299,1234
mine,ML-KEM-768,256,54,4708,9472,49.7044,1234
mine,ML-KEM-768,256,55,4795,9472,50.6229,1234
mine,ML-KEM-768,256,56,4743,9472,50.0739,1234
mine,ML-KEM-768,256,57,4738,9472,50.0211,1234
mine,ML-KEM-768,256,58,4666,9472,49.261,1234
mine,ML-KEM-768,256,59,4707,9472,49.6938,1234
mine,ML-KEM-768,256,60,4703,9472,49.6516,1234
mine,ML-KEM-768,256,61,4711,9472,49.7361,1234
mine,ML-KEM-768,256,62,4715,9472,49.7783,1234
mine,ML-KEM-768,256,63,4678,9472,49.3877,1234
mine,ML-KEM-768,256,64,4712,9472,49.7466,1234
mine,ML-KEM-768,256,65,4667,9472,49.2715,1234
mine,ML-KEM-768,256,66,4712,9472,49.7466,1234
mine,ML-KEM-768,256,67,4664,9472,49.2399,1234
mine,ML-KEM-768,256,68,4673,9472,49.3349,1234
mine,ML-KEM-768,256,69,4650,9472,49.0921,1234
mine,ML-KEM-768,256,70,4698,9472,49.5988,1234
mine,ML-KEM-768,256,71,4523,9472,47.7513,1234
mine,ML-KEM-768,256,72,4779,9472,50.454,1234
mine,ML-KEM-768,256,73,4713,9472,49.7572,1234
mine,ML-KEM-768,256,74,4710,9472,49.7255,1234
mine,ML-KEM-768,256,75,4664,9472,49.2399,1234
mine,ML-KEM-768,256,76,4710,9472,49.7255,1234
mine,ML-KEM-768,256,77,4635,9472,48.9337,1234
mine,ML-KEM-768,256,78,4789,9472,50.5595,1234
mine,ML-KEM-768,256,79,4713,9472,49.7572,1234
mine,ML-KEM-768,256,80,4728,9472,49.9155,1234
mine,ML-KEM-768,256,81,4724,9472,49.8733,1234
mine,ML-KEM-768,256,82,4621,9472,48.7859,1234
mine,ML-KEM-768,256,83,4650,9472,49.0921,1234
mine,ML-KEM-768,256,84,4785,9472,50.5173,1234
mine,ML-KEM-768,256,85,4685,9472,49.4616,1234
mine,ML-KEM-768,256,86,4736,9472,50.0,1234
mine,ML-KEM-768,256,87,4642,9472,49.0076,1234
mine,ML-KEM-768,256,88,4735,9472,49.9894,1234
mine,ML-KEM-768,256,89,4640,9472,48.9865,1234
mine,ML-KEM-768,256,90,4709,9472,49.7149,1234
mine,ML-KEM-768,256,91,4682,9472,49.4299,1234
mine,ML-KEM-768,256,92,4720,9472,49.8311,1234
mine,ML-KEM-768,256,93,4827,9472,50.9607,1234
mine,ML-KEM-768,256,94,4746,9472,50.1056,1234
mine,ML-KEM-768,256,95,4722,9472,49.8522,1234
mine,ML-KEM-768,256,96,4754,9472,50.19,1234
mine,ML-KEM-768,256,97,4630,9472,48.8809,1234
mine,ML-KEM-768,256,98,4725,9472,49.8839,1234
mine,ML-KEM-768,256,99,4591,9472,48.4692,1234
mine,ML-KEM-768,256,100,4661,9472,49.2082,1234
mine,ML-KEM-768,256,101,4733,9472,49.9683,1234
mine,ML-KEM-768,256,102,4739,9472,50.0317,1234
mine,ML-KEM-768,256,103,4720,9472,49.8311,1234
mine,ML-KEM-768,256,104,4772,9472,50.3801,1234
mine,ML-KEM-768,256,105,4666,9472,49.261,1234
mine,ML-KEM-768,256,106,4688,9472,49.4932,1234
mine,ML-KEM-768,256,107,4757,9472,50.2217,1234
mine,ML-KEM-768,256,108,4623,9472,48.807,1234
mine,ML-KEM-768,256,109,4714,9472,49.7677,1234
mine,ML-KEM-768,256,110,4699,9472,49.6094,1234
mine,ML-KEM-768,256,111,4711,9472,49.7361,1234
mine,ML-KEM-768,256,112,4754,9472,50.19,1234
mine,ML-KEM-768,256,113,4726,9472,49.8944,1234
mine,ML-KEM-768,256,114,4701,9472,49.6305,1234
mine,ML-KEM-768,256,115,4607,9472,48.6381,1234
mine,ML-KEM-768,256,116,4763,9472,50.2851,1234
mine,ML-KEM-768,256,117,4737,9472,50.0106,1234
mine,ML-KEM-768,256,118,4745,9472,50.095,1234
mine,ML-KEM-768,256,119,4714,9472,49.7677,1234
mine,ML-KEM-768,256,120,4671,9472,49.3138,1234
mine,ML-KEM-768,256,121,4673,9472,49.3349,1234
mine,ML-KEM-768,256,122,4630,9472,48.8809,1234
mine,ML-KEM-768,256,123,4684,9472,49.451,1234
mine,ML-KEM-768,256,124,4682,9472,49.4299,1234
mine,ML-KEM-768,256,125,4736,9472,50.0,1234
mine,ML-KEM-768,256,126,4747,9472,50.1161,1234
mine,ML-KEM-768,256,127,4585,9472,48.4058,1234
mine,ML-KEM-768,256,128,4695,9472,49.5671,1234
mine,ML-KEM-768,256,129,4689,9472,49.5038,1234
mine,ML-KEM-768,256,130,4720,9472,49.8311,1234
mine,ML-KEM-768,256,131,4707,9472,49.6938,1234
mine,ML-KEM-768,256,132,4682,9472,49.4299,1234
mine,ML-KEM-768,256,133,4693,9472,49.546,1234
mine,ML-KEM-768,256,134,4648,9472,49.0709,1234
mine,ML-KEM-768,256,135,4844,9472,51.1402,1234
mine,ML-KEM-768,256,136,4640,9472,48.9865,1234
mine,ML-KEM-768,256,137,4707,9472,49.6938,1234
mine,ML-KEM-768,256,138,4610,9472,48.6698,1234
mine,ML-KEM-768,256,139,4663,9472,49.2293,1234
mine,ML-KEM-768,256,140,4697,9472,49.5883,1234
mine,ML-KEM-768,256,141,4774,9472,50.4012,1234
mine,ML-KEM-768,256,142,4676,9472,49.3666,1234
mine,ML-KEM-768,256,143,4667,9472,49.2715,1234
mine,ML-KEM-768,256,144,4603,9472,48.5959,1234
mine,ML-KEM-768,256,145,4586,9472,48.4164,1234
mine,ML-KEM-768,256,146,4734,9472,49.9789,1234
mine,ML-KEM-768,256,147,4665,9472,49.2504,1234
mine,ML-KEM-768,256,148,4687,9472,49.4827,1234
mine,ML-KEM-768,256,149,4746,9472,50.1056,1234
mine,ML-KEM-768,256,150,4700,9472,49.6199,1234
mine,ML-KEM-768,256,151,4699,9472,49.6094,1234
mine,ML-KEM-768,256,152,4719,9472,49.8205,1234
mine,ML-KEM-768,256,153,4698,9472,49.5988,1234
mine,ML-KEM-768,256,154,4570,9472,48.2475,1234
mine,ML-KEM-768,256,155,4736,9472,50.0,1234
mine,ML-KEM-768,256,156,4607,9472,48.6381,1234
mine,ML-KEM-768,256,157,4835,9472,51.0452,1234
mine,ML-KEM-768,256,158,4735,9472,49.9894,1234
mine,ML-KEM-768,256,159,4641,9472,48.997,1234
mine,ML-KEM-768,256,160,4640,9472,48.9865,1234
mine,ML-KEM-768,256,161,4658,9472,49.1765,1234
mine,ML-KEM-768,256,162,4733,9472,49.9683,1234
mine,ML-KEM-768,256,163,4710,9472,49.7255,1234
mine,ML-KEM-768,256,164,4716,9472,49.7889,1234
mine,ML-KEM-768,256,165,4737,9472,50.0106,1234
mine,ML-KEM-768,256,166,4660,9472,49.1976,1234
mine,ML-KEM-768,256,167,4665,9472,49.2504,1234
mine,ML-KEM-768,256,168,4664,9472,49.2399,1234
mine,ML-KEM-768,256,169,4750,9472,50.1478,1234
mine,ML-KEM-768,256,170,4713,9472,49.7572,1234
mine,ML-KEM-768,256,171,4727,9472,49.905,1234
mine,ML-KEM-768,256,172,4743,9472,50.0739,1234
mine,ML-KEM-768,256,173,4730,9472,49.9367,1234
mine,ML-KEM-768,256,174,4622,9472,48.7965,1234
mine,ML-KEM-768,256,175,4660,9472,49.1976,1234
mine,ML-KEM-768,256,176,4777,9472,50.4329,1234
mine,ML-KEM-768,256,177,4631,9472,48.8915,1234
mine,ML-KEM-768,256,178,4733,9472,49.9683,1234
mine,ML-KEM-768,256,179,4744,9472,50.0845,1234
mine,ML-KEM-768,256,180,4749,9472,50.1372,1234
mine,ML-KEM-768,256,181,4713,9472,49.7572,1234
mine,ML-KEM-768,256,182,4665,9472,49.2504,1234
mine,ML-KEM-768,256,183,4805,9472,50.7285,1234
mine,ML-KEM-768,256,184,4715,9472,49.7783,1234
mine,ML-KEM-768,256,185,4605,9472,48.617,1234
mine,ML-KEM-768,256,186,4677,9472,49.3771,1234
mine,ML-KEM-768,256,187,4694,9472,49.5566,1234
mine,ML-KEM-768,256,188,4669,9472,49.2927,1234
mine,ML-KEM-768,256,189,4750,9472,50.1478,1234
mine,ML-KEM-768,256,190,4643,9472,49.0182,1234
mine,ML-KEM-768,256,191,4703,9472,49.6516,1234
mine,ML-KEM-768,256,192,4742,9472,50.0633,1234
mine,ML-KEM-768,256,193,4718,9472,49.81,1234
mine,ML-KEM-768,256,194,4729,9472,49.9261,1234
mine,ML-KEM-768,256,195,4688,9472,49.4932,1234
mine,ML-KEM-768,256,196,4635,9472,48.9337,1234
mine,ML-KEM-768,256,197,4676,9472,49.3666,1234
mine,ML-KEM-768,256,198,4722,9472,49.8522,1234
mine,ML-KEM-768,256,199,4816,9472,50.8446,1234
mine,ML-KEM-768,256,200,4685,9472,49.4616,1234
mine,ML-KEM-768,256,201,4682,9472,49.4299,1234
mine,ML-KEM-768,256,202,4636,9472,48.9443,1234
mine,ML-KEM-768,256,203,4688,9472,49.4932,1234
mine,ML-KEM-768,256,204,4788,9472,50.549,1234
mine,ML-KEM-768,256,205,4620,9472,48.7753,1234
mine,ML-KEM-768,256,206,4603,9472,48.5959,1234
mine,ML-KEM-768,256,207,4675,9472,49.356,1234
mine,ML-KEM-768,256,208,4713,9472,49.7572,1234
mine,ML-KEM-768,256,209,4662,9472,49.2188,1234
mine,ML-KEM-768,256,210,4726,9472,49.8944,1234
mine,ML-KEM-768,256,211,4666,9472,49.261,1234
mine,ML-KEM-768,256,212,4690,9472,49.5144,1234
mine,ML-KEM-768,256,213,4640,9472,48.9865,1234
mine,ML-KEM-768,256,214,4691,9472,49.5249,1234
mine,ML-KEM-768,256,215,4718,9472,49.81,1234
mine,ML-KEM-768,256,216,4648,9472,49.0709,1234
mine,ML-KEM-768,256,217,4744,9472,50.0845,1234
mine,ML-KEM-768,256,218,4675,9472,49.356,1234
mine,ML-KEM-768,256,219,4711,9472,49.7361,1234
mine,ML-KEM-768,256,220,4645,9472,49.0393,1234
mine,ML-KEM-768,256,221,4665,9472,49.2504,1234
mine,ML-KEM-768,256,222,4684,9472,49.451,1234
mine,ML-KEM-768,256,223,4684,9472,49.451,1234
mine,ML-KEM-768,256,224,4724,9472,49.8733,1234
mine,ML-KEM-768,256,225,4791,9472,50.5807,1234
mine,ML-KEM-768,256,226,4760,9472,50.2534,1234
mine,ML-KEM-768,256,227,4697,9472,49.5883,1234
mine,ML-KEM-768,256,228,4680,9472,49.4088,1234
mine,ML-KEM-768,256,229,4530,9472,47.8252,1234
mine,ML-KEM-768,256,230,4677,9472,49.3771,1234
mine,ML-KEM-768,256,231,4614,9472,48.712,1234
mine,ML-KEM-768,256,232,4745,9472,50.095,1234
mine,ML-KEM-768,256,233,4655,9472,49.1448,1234
mine,ML-KEM-768,256,234,4775,9472,50.4117,1234
mine,ML-KEM-768,256,235,4697,9472,49.5883,1234
mine,ML-KEM-768,256,236,4640,9472,48.9865,1234
mine,ML-KEM-768,256,237,4665,9472,49.2504,1234
mine,ML-KEM-768,256,238,4740,9472,50.0422,1234
mine,ML-KEM-768,256,239,4596,9472,48.522,1234
mine,ML-KEM-768,256,240,4705,9472,49.6727,1234
mine,ML-KEM-768,256,241,4705,9472,49.6727,1234
mine,ML-KEM-768,256,242,4733,9472,49.9683,1234
mine,ML-KEM-768,256,243,4718,9472,49.81,1234
mine,ML-KEM-768,256,244,4613,9472,48.7014,1234
mine,ML-KEM-768,256,245,4621,9472,48.7859,1234
mine,ML-KEM-768,256,246,4758,9472,50.2323,1234
mine,ML-KEM-768,256,247,4733,9472,49.9683,1234
mine,ML-KEM-768,256,248,4663,9472,49.2293,1234
mine,ML-KEM-768,256,249,4747,9472,50.1161,1234
mine,ML-KEM-768,256,250,4664,9472,49.2399,1234
mine,ML-KEM-768,256,251,4797,9472,50.644,1234
mine,ML-KEM-768,256,252,4663,9472,49.2293,1234
mine,ML-KEM-768,256,253,4690,9472,49.5144,1234
mine,ML-KEM-768,256,254,4722,9472,49.8522,1234
mine,ML-KEM-768,256,255,4624,9472,48.8176,1234
mine,ML-KEM-768,256,256,4734,9472,49.9789,1234
mine,ML-KEM-768,256,257,4663,9472,49.2293,1234
mine,ML-KEM-768,256,258,4759,9472,50.2428,1234
mine,ML-KEM-768,256,259,4666,9472,49.261,1234
mine,ML-KEM-768,256,260,4659,9472,49.1871,1234
mine,ML-KEM-768,256,261,4753,9472,50.1795,1234
mine,ML-KEM-768,256,262,4669,9472,49.2927,1234
mine,ML-KEM-768,256,263,4683,9472,49.4405,1234
mine,ML-KEM-768,256,264,4630,9472,48.8809,1234
mine,ML-KEM-768,256,265,4711,9472,49.7361,1234
mine,ML-KEM-768,256,266,4662,9472,49.2188,1234
mine,ML-KEM-768,256,267,4653,9472,49.1237,1234
mine,ML-KEM-768,256,268,4782,9472,50.4856,1234
mine,ML-KEM-768,256,269,4612,9472,48.6909,1234
mine,ML-KEM-768,256,270,4781,9472,50.4751,1234
mine,ML-KEM-768,256,271,4764,9472,50.2956,1234
mine,ML-KEM-768,256,272,4711,9472,49.7361,1234
mine,ML-KEM-768,256,273,4684,9472,49.451,1234
mine,ML-KEM-768,256,274,4678,9472,49.3877,1234
mine,ML-KEM-768,256,275,4714,9472,49.7677,1234
mine,ML-KEM-768,256,276,4676,9472,49.3666,1234
mine,ML-KEM-768,256,277,4633,9472,48.9126,1234
mine,ML-KEM-768,256,278,4755,9472,50.2006,1234
mine,ML-KEM-768,256,279,4626,9472,48.8387,1234
mine,ML-KEM-768,256,280,4810,9472,50.7812,1234
mine,ML-KEM-768,256,281,4617,9472,48.7437,1234
mine,ML-KEM-768,256,282,4686,9472,49.4721,1234
mine,ML-KEM-768,256,283,4708,9472,49.7044,1234
mine,ML-KEM-768,256,284,4646,9472,49.0498,1234
mine,ML-KEM-768,256,285,4609,9472,48.6592,1234
mine,ML-KEM-768,256,286,4610,9472,48.6698,1234
mine,ML-KEM-768,256,287,4774,9472,50.4012,1234
mine,ML-KEM-768,256,288,4713,9472,49.7572,1234
mine,ML-KEM-768,256,289,4663,9472,49.2293,1234
mine,ML-KEM-768,256,290,4637,9472,48.9548,1234
mine,ML-KEM-768,256,291,4704,9472,49.6622,1234
mine,ML-KEM-768,256,292,4708,9472,49.7044,1234
mine,ML-KEM-768,256,293,4662,9472,49.2188,1234
mine,ML-KEM-768,256,294,4710,9472,49.7255,1234
mine,ML-KEM-768,256,295,4749,9472,50.1372,1234
mine,ML-KEM-768,256,296,4651,9472,49.1026,1234
mine,ML-KEM-768,256,297,4681,9472,49.4193,1234
mine,ML-KEM-768,256,298,4651,9472,49.1026,1234
mine,ML-KEM-768,256,299,4648,9472,49.0709,1234
mine,ML-KEM-768,256,300,4766,9472,50.3167,1234
mine,ML-KEM-768,256,301,4742,9472,50.0633,1234
mine,ML-KEM-768,256,302,4804,9472,50.7179,1234
mine,ML-KEM-768,256,303,4682,9472,49.4299,1234
mine,ML-KEM-768,256,304,4673,9472,49.3349,1234
mine,ML-KEM-768,256,305,4800,9472,50.6757,1234
mine,ML-KEM-768,256,306,4672,9472,49.3243,1234
mine,ML-KEM-768,256,307,4612,9472,48.6909,1234
mine,ML-KEM-768,256,308,4633,9472,48.9126,1234
mine,ML-KEM-768,256,309,4649,9472,49.0815,1234
mine,ML-KEM-768,256,310,4697,9472,49.5883,1234
mine,ML-KEM-768,256,311,4598,9472,48.5431,1234
mine,ML-KEM-768,256,312,4659,9472,49.1871,1234
mine,ML-KEM-768,256,313,4604,9472,48.6064,1234
mine,ML-KEM-768,256,314,4650,9472,49.0921,1234
mine,ML-KEM-768,256,315,4666,9472,49.261,1234
mine,ML-KEM-768,256,316,4705,9472,49.6727,1234
mine,ML-KEM-768,256,317,4656,9472,49.1554,1234
mine,ML-KEM-768,256,318,4663,9472,49.2293,1234
mine,ML-KEM-768,256,319,4653,9472,49.1237,1234
mine,ML-KEM-768,256,320,4656,9472,49.1554,1234
mine,ML-KEM-768,256,321,4701,9472,49.6305,1234
mine,ML-KEM-768,256,322,4771,9472,50.3695,1234
mine,ML-KEM-768,256,323,4643,9472,49.0182,1234
mine,ML-KEM-768,256,324,4686,9472,49.4721,1234
mine,ML-KEM-768,256,325,4671,9472,49.3138,1234
mine,ML-KEM-768,256,326,4644,9472,49.0287,1234
mine,ML-KEM-768,256,327,4705,9472,49.6727,1234
mine,ML-KEM-768,256,328,4748,9472,50.1267,1234
mine,ML-KEM-768,256,329,4652,9472,49.1132,1234
mine,ML-KEM-768,256,330,4723,9472,49.8628,1234
mine,ML-KEM-768,256,331,4716,9472,49.7889,1234
mine,ML-KEM-768,256,332,4731,9472,49.9472,1234
mine,ML-KEM-768,256,333,4607,9472,48.6381,1234
mine,ML-KEM-768,256,334,4657,9472,49.166,1234
mine,ML-KEM-768,256,335,4657,9472,49.166,1234
mine,ML-KEM-768,256,336,4680,9472,49.4088,1234
mine,ML-KEM-768,256,337,4750,9472,50.1478,1234
mine,ML-KEM-768,256,338,4668,9472,49.2821,1234
mine,ML-KEM-768,256,339,4740,9472,50.0422,1234
mine,ML-KEM-768,256,340,4768,9472,50.3378,1234
mine,ML-KEM-768,256,341,4647,9472,49.0604,1234
mine,ML-KEM-768,256,342,4665,9472,49.2504,1234
mine,ML-KEM-768,256,343,4655,9472,49.1448,1234
mine,ML-KEM-768,256,344,4693,9472,49.546,1234
mine,ML-KEM-768,256,345,4698,9472,49.5988,1234
mine,ML-KEM-768,256,346,4697,9472,49.5883,1234
mine,ML-KEM-768,256,347,4578,9472,48.3319,1234
mine,ML-KEM-768,256,348,4582,9472,48.3742,1234
mine,ML-KEM-768,256,349,4643,9472,49.0182,1234
mine,ML-KEM-768,256,350,4699,9472,49.6094,1234
mine,ML-KEM-768,256,351,4672,9472,49.3243,1234
mine,ML-KEM-768,256,352,4621,9472,48.7859,1234
mine,ML-KEM-768,256,353,4648,9472,49.0709,1234
mine,ML-KEM-768,256,354,4762,9472,50.2745,1234
mine,ML-KEM-768,256,355,4630,9472,48.8809,1234
mine,ML-KEM-768,256,356,4639,9472,48.9759,1234
mine,ML-KEM-768,256,357,4759,9472,50.2428,1234
mine,ML-KEM-768,256,358,4776,9472,50.4223,1234
mine,ML-KEM-768,256,359,4644,9472,49.0287,1234
mine,ML-KEM-768,256,360,4689,9472,49.5038,1234
mine,ML-KEM-768,256,361,4761,9472,50.2639,1234
mine,ML-KEM-768,256,362,4724,9472,49.8733,1234
mine,ML-KEM-768,256,363,4667,9472,49.2715,1234
mine,ML-KEM-768,256,364,4654,9472,49.1343,1234
mine,ML-KEM-768,256,365,4703,9472,49.6516,1234
mine,ML-KEM-768,256,366,4691,9472,49.5249,1234
mine,ML-KEM-768,256,367,4657,9472,49.166,1234
mine,ML-KEM-768,256,368,4689,9472,49.5038,1234
mine,ML-KEM-768,256,369,4617,9472,48.7437,1234
mine,ML-KEM-768,256,370,4731,9472,49.9472,1234
mine,ML-KEM-768,256,371,4696,9472,49.5777,1234
mine,ML-KEM-768,256,372,4717,9472,49.7994,1234
mine,ML-KEM-768,256,373,4715,9472,49.7783,1234
mine,ML-KEM-768,256,374,4722,9472,49.8522,1234
mine,ML-KEM-768,256,375,4669,9472,49.2927,1234
mine,ML-KEM-768,256,376,4721,9472,49.8416,1234
mine,ML-KEM-768,256,377,4719,9472,49.8205,1234
mine,ML-KEM-768,256,378,4753,9472,50.1795,1234
mine,ML-KEM-768,256,379,4639,9472,48.9759,1234
mine,ML-KEM-768,256,380,4667,9472,49.2715,1234
mine,ML-KEM-768,256,381,4696,9472,49.5777,1234
mine,ML-KEM-768,256,382,4665,9472,49.2504,1234
mine,ML-KEM-768,256,383,4578,9472,48.3319,1234
mine,ML-KEM-768,256,384,4786,9472,50.5279,1234
mine,ML-KEM-768,256,385,4721,9472,49.8416,1234
mine,ML-KEM-768,256,386,4691,9472,49.5249,1234
mine,ML-KEM-768,256,387,4765,9472,50.3062,1234
mine,ML-KEM-768,256,388,4690,9472,49.5144,1234
mine,ML-KEM-768,256,389,4647,9472,49.0604,1234
mine,ML-KEM-768,256,390,4665,9472,49.2504,1234
mine,ML-KEM-768,256,391,4643,9472,49.0182,1234
mine,ML-KEM-768,256,392,4750,9472,50.1478,1234
mine,ML-KEM-768,256,393,4706,9472,49.6833,1234
mine,ML-KEM-768,256,394,4715,9472,49.7783,1234
mine,ML-KEM-768,256,395,4748,9472,50.1267,1234
mine,ML-KEM-768,256,396,4825,9472,50.9396,1234
mine,ML-KEM-768,256,397,4640,9472,48.9865,1234
mine,ML-KEM-768,256,398,4774,9472,50.4012,1234
mine,ML-KEM-768,256,399,4633,9472,48.9126,1234
mine,ML-KEM-768,256,400,4722,9472,49.8522,1234
mine,ML-KEM-768,256,401,4656,9472,49.1554,1234
mine,ML-KEM-768,256,402,4734,9472,49.9789,1234
mine,ML-KEM-768,256,403,4735,9472,49.9894,1234
mine,ML-KEM-768,256,404,4676,9472,49.3666,1234
mine,ML-KEM-768,256,405,4664,9472,49.2399,1234
mine,ML-KEM-768,256,406,4679,9472,49.3982,1234
mine,ML-KEM-768,256,407,4662,9472,49.2188,1234
mine,ML-KEM-768,256,408,4718,9472,49.81,1234
mine,ML-KEM-768,256,409,4666,9472,49.261,1234
mine,ML-KEM-768,256,410,4665,9472,49.2504,1234
mine,ML-KEM-768,256,411,4641,9472,48.997,1234
mine,ML-KEM-768,256,412,4635,9472,48.9337,1234
mine,ML-KEM-768,256,413,4682,9472,49.4299,1234
mine,ML-KEM-768,256,414,4694,9472,49.5566,1234
mine,ML-KEM-768,256,415,4688,9472,49.4932,1234
mine,ML-KEM-768,256,416,4721,9472,49.8416,1234
mine,ML-KEM-768,256,417,4636,9472,48.9443,1234
mine,ML-KEM-768,256,418,4739,9472,50.0317,1234
mine,ML-KEM-768,256,419,4695,9472,49.5671,1234
mine,ML-KEM-768,256,420,4682,9472,49.4299,1234
mine,ML-KEM-768,256,421,4731,9472,49.9472,1234
mine,ML-KEM-768,256,422,4744,9472,50.0845,1234
mine,ML-KEM-768,256,423,4773,9472,50.3906,1234
mine,ML-KEM-768,256,424,4810,9472,50.7812,1234
mine,ML-KEM-768,256,425,4739,9472,50.0317,1234
mine,ML-KEM-768,256,426,4693,9472,49.546,1234
mine,ML-KEM-768,256,427,4726,9472,49.8944,1234
mine,ML-KEM-768,256,428,4681,9472,49.4193,1234
mine,ML-KEM-768,256,429,4653,9472,49.1237,1234
mine,ML-KEM-768,256,430,4775,9472,50.4117,1234
mine,ML-KEM-768,256,431,4733,9472,49.9683,1234
mine,ML-KEM-768,256,432,4751,9472,50.1584,1234
mine,ML-KEM-768,256,433,4713,9472,49.7572,1234
mine,ML-KEM-768,256,434,4672,9472,49.3243,1234
mine,ML-KEM-768,256,435,4618,9472,48.7542,1234
mine,ML-KEM-768,256,436,4782,9472,50.4856,1234
mine,ML-KEM-768,256,437,4683,9472,49.4405,1234
mine,ML-KEM-768,256,438,4659,9472,49.1871,1234
mine,ML-KEM-768,256,439,4699,9472,49.6094,1234
mine,ML-KEM-768,256,440,4626,9472,48.8387,1234
mine,ML-KEM-768,256,441,4761,9472,50.2639,1234
mine,ML-KEM-768,256,442,4658,9472,49.1765,1234
mine,ML-KEM-768,256,443,4718,9472,49.81,1234
mine,ML-KEM-768,256,444,4728,9472,49.9155,1234
mine,ML-KEM-768,256,445,4746,9472,50.1056,1234
mine,ML-KEM-768,256,446,4712,9472,49.7466,1234
mine,ML-KEM-768,256,447,4700,9472,49.6199,1234
mine,ML-KEM-768,256,448,4697,9472,49.5883,1234
mine,ML-KEM-768,256,449,4750,9472,50.1478,1234
mine,ML-KEM-768,256,450,4718,9472,49.81,1234
mine,ML-KEM-768,256,451,4673,9472,49.3349,1234
mine,ML-KEM-768,256,452,4751,9472,50.1584,1234
mine,ML-KEM-768,256,453,4689,9472,49.5038,1234
mine,ML-KEM-768,256,454,4753,9472,50.1795,1234
mine,ML-KEM-768,256,455,4632,9472,48.902,1234
mine,ML-KEM-768,256,456,4695,9472,49.5671,1234
mine,ML-KEM-768,256,457,4645,9472,49.0393,1234
mine,ML-KEM-768,256,458,4737,9472,50.0106,1234
mine,ML-KEM-768,256,459,4676,9472,49.3666,1234
mine,ML-KEM-768,256,460,4717,9472,49.7994,1234
mine,ML-KEM-768,256,461,4714,9472,49.7677,1234
mine,ML-KEM-768,256,462,4677,9472,49.3771,1234
mine,ML-KEM-768,256,463,4724,9472,49.8733,1234
mine,ML-KEM-768,256,464,4622,9472,48.7965,1234
mine,ML-KEM-768,256,465,4749,9472,50.1372,1234
mine,ML-KEM-768,256,466,4733,9472,49.9683,1234
mine,ML-KEM-768,256,467,4714,9472,49.7677,1234
mine,ML-KEM-768,256,468,4706,9472,49.6833,1234
mine,ML-KEM-768,256,469,4645,9472,49.0393,1234
mine,ML-KEM-768,256,470,4641,9472,48.997,1234
mine,ML-KEM-768,256,471,4715,9472,49.7783,1234
mine,ML-KEM-768,256,472,4702,9472,49.641,1234
mine,ML-KEM-768,256,473,4685,9472,49.4616,1234
mine,ML-KEM-768,256,474,4648,9472,49.0709,1234
mine,ML-KEM-768,256,475,4809,9472,50.7707,1234
mine,ML-KEM-768,256,476,4693,9472,49.546,1234
mine,ML-KEM-768,256,477,4708,9472,49.7044,1234
mine,ML-KEM-768,256,478,4681,9472,49.4193,1234
mine,ML-KEM-768,256,479,4728,9472,49.9155,1234
mine,ML-KEM-768,256,480,4656,9472,49.1554,1234
mine,ML-KEM-768,256,481,4822,9472,50.9079,1234
mine,ML-KEM-768,256,482,4612,9472,48.6909,1234
mine,ML-KEM-768,256,483,4757,9472,50.2217,1234
mine,ML-KEM-768,256,484,4731,9472,49.9472,1234
mine,ML-KEM-768,256,485,4615,9472,48.7226,1234
mine,ML-KEM-768,256,486,4650,9472,49.0921,1234
mine,ML-KEM-768,256,487,4749,9472,50.1372,1234
mine,ML-KEM-768,256,488,4712,9472,49.7466,1234
mine,ML-KEM-768,256,489,4633,9472,48.9126,1234
mine,ML-KEM-768,256,490,4701,9472,49.6305,1234
mine,ML-KEM-768,256,491,4733,9472,49.9683,1234
mine,ML-KEM-768,256,492,4639,9472,48.9759,1234
mine,ML-KEM-768,256,493,4642,9472,49.0076,1234
mine,ML-KEM-768,256,494,4750,9472,50.1478,1234
mine,ML-KEM-768,256,495,4656,9472,49.1554,1234
mine,ML-KEM-768,256,496,4690,9472,49.5144,1234
mine,ML-KEM-768,256,497,4650,9472,49.0921,1234
mine,ML-KEM-768,256,498,4669,9472,49.2927,1234
mine,ML-KEM-768,256,499,4559,9472,48.1313,1234
